,Mass 1,Mass 2,Mass 3,t_merger,Flag
0,21507371.426361017,8204738.256013711,52768288.05172233,1985633146.8332815,No
1,154653959.03770313,42117613.77987732,313274922.5745633,5529691464.924878,Tr
2,154653959.03770313,42117613.77987732,313274922.5745633,3025313047.092299,No
3,154653959.03770313,42117613.77987732,313274922.5745633,1972738015.5000665,No
4,9436960.778534828,1002869.9773349186,455139069.489468,4814316423.187959,No
5,9436960.778534828,1002869.9773349186,455139069.489468,11258195759.098473,Tr
6,1002869.9773349186,455139069.489468,9436960.778534828,4452058693.398707,Tr
7,9436960.778534828,1002869.9773349186,455139069.489468,9469051166.070433,No
8,31596671.049559377,6693184.02102772,12663414.989705667,2713837401.659862,Tr
9,31596671.049559377,6693184.02102772,12663414.989705667,4003124647.729515,Tr
10,31596671.049559377,12663414.989705667,6693184.02102772,9061243953.967264,Tr-ej
11,31596671.049559377,6693184.02102772,12663414.989705667,7812878223.865952,No
12,16849816.24619572,3972500.00070107,57801879.38692345,2245667359.2201295,No
13,16849816.24619572,3972500.00070107,57801879.38692345,2391784451.798399,No
14,15652551.700050408,2738576.437406667,34604928.65592282,4471645600.860821,No
15,15652551.700050408,2738576.437406667,34604928.65592282,5375134892.871096,No
16,15652551.700050408,2738576.437406667,34604928.65592282,13315407543.765833,No
17,15652551.700050408,2738576.437406667,34604928.65592282,2742231683.8526163,No
18,15652551.700050408,2738576.437406667,34604928.65592282,4237084811.3983655,No
19,2738576.437406667,34604928.65592282,15652551.700050408,4901326366.047812,Tr
20,15652551.700050408,2738576.437406667,34604928.65592282,6735213693.785275,Tr
21,15652551.700050408,2738576.437406667,34604928.65592282,3355436935.8330975,No
22,41607228.57865918,31537515.153181285,63741593.84424825,5280246298.976051,No
23,41607228.57865918,63741593.84424825,31537515.153181285,2625981237.3488517,Tr-ej
24,41607228.57865918,31537515.153181285,63741593.84424825,4630285740.16217,No
25,77912691.14531209,3462977.923520062,166284456.1629238,6819266652.945832,No
26,44219686.803273655,3199504.981851312,18249555.405065924,3886208645.453495,No
27,42947363.86711635,1642197.280332136,507617812.79177624,3128887169.115718,No
28,42947363.86711635,1642197.280332136,507617812.79177624,9489597068.535557,No
29,42947363.86711635,1642197.280332136,507617812.79177624,9487553295.207611,No
30,42947363.86711635,1642197.280332136,507617812.79177624,5483816758.029468,No
31,42947363.86711635,1642197.280332136,507617812.79177624,11936032787.011566,No
32,2842878.3513228106,2470758.194447058,6711885.856975645,2435937646.340942,Tr
33,2842878.3513228106,2470758.194447058,6711885.856975645,7389555543.5357485,No
34,2189919.687225278,17698014.548408918,1415551.4771199897,12635112732.314957,Tr-ej
35,122748851.56782924,15329257.331648966,44677507.4521111,9390752006.60284,No
36,122748851.56782924,15329257.331648966,44677507.4521111,3571161096.2667356,No
37,122748851.56782924,15329257.331648966,44677507.4521111,4886843757.808992,No
38,122748851.56782924,15329257.331648966,44677507.4521111,9642333368.59122,No
39,122748851.56782924,15329257.331648966,44677507.4521111,2672691136.558998,No
40,122748851.56782924,15329257.331648966,44677507.4521111,9376092483.716244,No
41,122748851.56782924,44677507.4521111,15329257.331648966,3868546424.324359,Tr-ej
42,9486102.774306474,2792296.289639766,8437155.073750718,4886664235.77592,No
43,9486102.774306474,2792296.289639766,8437155.073750718,2723142254.427797,No
44,9486102.774306474,8437155.073750718,2792296.289639766,4273044301.43931,Tr-ej
45,9486102.774306474,2792296.289639766,8437155.073750718,3886204763.8541455,No
46,9486102.774306474,2792296.289639766,8437155.073750718,6806537207.286376,No
47,9486102.774306474,2792296.289639766,8437155.073750718,7335303757.627098,No
48,38788486.776549086,3916408.6931883176,26203728.820304334,13585321451.33535,Tr
49,38788486.776549086,3916408.6931883176,26203728.820304334,5698040842.25039,No
50,38788486.776549086,3916408.6931883176,26203728.820304334,2601773749.3182406,No
51,38788486.776549086,3916408.6931883176,26203728.820304334,3643375314.9052672,Tr
52,38788486.776549086,3916408.6931883176,26203728.820304334,5700406073.250354,No
53,38788486.776549086,3916408.6931883176,26203728.820304334,10724932402.099155,No
54,38788486.776549086,26203728.820304334,3916408.6931883176,9763071327.905125,Tr-ej
55,38788486.776549086,3916408.6931883176,26203728.820304334,9022377391.127531,No
56,38788486.776549086,3916408.6931883176,26203728.820304334,10589803535.630213,Tr
57,38788486.776549086,26203728.820304334,3916408.6931883176,5319494757.459095,Tr
58,26955129.57327381,7749930.054236912,40341578.379720464,3204049858.75085,No
59,26955129.57327381,7749930.054236912,40341578.379720464,4605878058.324924,No
60,91024828.22720982,14529778.695454584,68343637.11987661,2552167437.676985,No
61,17810716.335588,3844810.624206222,17970092.890673295,7675303777.3147955,Tr
62,26309276.42650713,8316523.261770764,34133903.67612589,3965964409.5994873,Tr
63,54981080.16978383,4031757.9820303614,188782040.59139207,4997948977.216171,No
64,15842792.49995853,7275752.600954445,14766640.216799565,8435405712.467721,No
65,4074969.589311702,22675798.582717605,8819110.918181704,2458516875.0387673,Tr
66,8819110.918181704,4074969.589311702,22675798.582717605,2489269415.5597744,Tr
67,8819110.918181704,4074969.589311702,22675798.582717605,10332788618.972227,No
68,793375458.7898293,137804130.27415264,25417740.49857504,2803094931.972179,Tr-ej
69,2208483256.520007,573730293.9024367,603715712.8755817,3244900278.769696,Tr
70,3310089.79175105,1459581.0234678455,81695356.35425328,2830686086.6660347,No
71,200274671.9130937,26720762.872592743,61373262.63741879,4692898953.165233,Tr
72,200274671.9130937,26720762.872592743,61373262.63741879,3312391552.788757,No
73,491106906.6030091,76452736.1464983,108543496.19605851,11583980136.161947,No
74,491106906.6030091,76452736.1464983,108543496.19605851,3258800998.317362,No
75,123912027.00796126,32160483.67484821,40706810.89344906,2843729421.143754,Tr
76,123912027.00796126,32160483.67484821,40706810.89344906,4613490985.720659,No
77,123912027.00796126,32160483.67484821,40706810.89344906,3269266997.3573513,Tr
78,123912027.00796126,32160483.67484821,40706810.89344906,8982603603.595745,No
79,70099994.35384236,16381075.849995643,38039846.72535549,7941796169.716408,No
80,16381075.849995643,38039846.72535549,70099994.35384236,7250247371.886483,Tr
81,70099994.35384236,38039846.72535549,16381075.849995643,5667640372.367363,Tr
82,70099994.35384236,16381075.849995643,38039846.72535549,5297407311.821891,Tr
83,70099994.35384236,16381075.849995643,38039846.72535549,3524500076.6493807,No
84,56246789.97153345,7177131.302049117,82086717.47705111,4128604485.612744,No
85,57283069.14767917,8766233.544712858,23168408.06565869,5159988658.487915,No
86,2368847152.1360784,121965223.06234342,154972472.47566894,2825873139.9345865,No
87,36456375.026796974,12154034.91583482,61513561.907855734,5314173227.343169,No
88,12154034.91583482,61513561.907855734,36456375.026796974,3718694469.178123,Tr
89,4614322.133632722,3441208.8160727094,10504410.862381373,4972323091.102176,No
90,4614322.133632722,10504410.862381373,3441208.8160727094,2845540148.018595,Tr
91,4614322.133632722,3441208.8160727094,10504410.862381373,6876554302.748765,No
92,4614322.133632722,10504410.862381373,3441208.8160727094,7033961696.901526,Tr
93,38250311.98493745,5066095.892896483,84397679.3465764,8835430637.727884,Tr
94,38250311.98493745,5066095.892896483,84397679.3465764,5621232323.115467,No
95,38250311.98493745,5066095.892896483,84397679.3465764,3244900278.769696,Tr
96,5066095.892896483,84397679.3465764,38250311.98493745,3795389658.3582625,Tr
97,28685218.3907982,2403718.4317210587,53993208.60515266,3100287470.930618,No
98,1755971895.895148,142808468.927461,628817638.0123636,7071646302.65044,No
99,1755971895.895148,142808468.927461,628817638.0123636,2924665946.5622396,No
100,263868134.50678045,46915337.616904564,111874893.85238534,9127501173.96734,Tr
101,3790658.6445357744,1200791.3509681355,16787915.333600786,12444238246.123549,No
102,3790658.6445357744,1200791.3509681355,16787915.333600786,10803399042.711395,No
103,3790658.6445357744,1200791.3509681355,16787915.333600786,8902794584.202904,No
104,3790658.6445357744,1200791.3509681355,16787915.333600786,2882409552.836178,No
105,47636886.71438938,17514404.26837351,23848887.92793995,8420761806.400688,Tr
106,6817887.857848023,4305923.772954073,346682621.32253677,5510660226.320722,Tr
107,227068515.64311495,9191874.266583009,91395176.46127455,11074769338.306396,No
108,227068515.64311495,9191874.266583009,91395176.46127455,8474406213.042637,No
109,227068515.64311495,9191874.266583009,91395176.46127455,5353336704.841222,No
110,227068515.64311495,9191874.266583009,91395176.46127455,5064779598.508937,No
111,227068515.64311495,9191874.266583009,91395176.46127455,4668921959.353468,No
112,227068515.64311495,9191874.266583009,91395176.46127455,7996016995.88332,No
113,227068515.64311495,9191874.266583009,91395176.46127455,3442830619.6667023,No
114,227068515.64311495,9191874.266583009,91395176.46127455,4440362796.060466,Tr
115,227068515.64311495,9191874.266583009,91395176.46127455,5263846972.838826,Tr
116,426603289.67265767,147010346.87506172,148146373.35633257,4134457009.536102,No
117,12922740.288898066,4350186.20473059,12151564.058238056,3050204504.674799,No
118,215897673.67164135,60171204.616924025,1419067479.0795228,11823596992.89499,No
119,215897673.67164135,60171204.616924025,1419067479.0795228,6032543417.964211,No
120,215897673.67164135,60171204.616924025,1419067479.0795228,4128290316.322923,No
121,215897673.67164135,60171204.616924025,1419067479.0795228,12579607352.8481,Tr
122,215897673.67164135,1419067479.0795228,60171204.616924025,8951689705.855415,Tr
123,215897673.67164135,60171204.616924025,1419067479.0795228,3375828646.824424,Tr
124,215897673.67164135,60171204.616924025,1419067479.0795228,9412874591.71148,No
125,12847535.029120332,8239216.65972028,17468537.1991922,4127913110.07132,No
126,437098060.6894097,16871271.276663993,61499219.57352967,5699568694.844237,No
127,19734878.51564796,11942052.374429677,14307827.521676287,2931047075.058879,No
128,19734878.51564796,11942052.374429677,14307827.521676287,3075626969.502947,No
129,133628064.47840716,5666088.278979693,2710118974.0508327,3712352639.009656,Tr
130,133628064.47840716,5666088.278979693,2710118974.0508327,3105939924.4162946,No
131,101652647.77963406,66349058.62538525,57923150.21379912,6362001459.017682,Tr
132,101652647.77963406,57923150.21379912,66349058.62538525,12458881487.044895,No
133,101652647.77963406,57923150.21379912,66349058.62538525,5399589472.385801,No
134,9849876.36167753,4418475.596585985,29769431.938393313,7714402487.543819,No
135,16789357.160008434,11605319.92504997,26025088.656124488,4132246380.086331,No
136,11605319.92504997,26025088.656124488,16789357.160008434,4153633101.178341,Tr
137,680254964.1905458,13732075.100637127,113176496.1933014,4421397721.806871,Tr
138,680254964.1905458,113176496.1933014,13732075.100637127,7550925570.41546,Tr-ej
139,4185632788.551631,40005882.554504685,148133593.05841827,12247963127.456425,No
140,207942863.79656577,10814432.489120184,82694491.64453103,5077751102.657615,No
141,207942863.79656577,10814432.489120184,82694491.64453103,5703018926.28523,No
142,207942863.79656577,10814432.489120184,82694491.64453103,9238567565.954887,No
143,8879994.711303208,8657501.610124221,67265121.97922006,3383098738.721097,No
144,8879994.711303208,8657501.610124221,67265121.97922006,3510283102.5314584,No
145,8879994.711303208,8657501.610124221,67265121.97922006,6848816900.706517,No
146,60020864.971317045,33880143.76087201,88204930.09524561,5126532307.024553,Tr
147,60020864.971317045,33880143.76087201,88204930.09524561,13364775537.961197,No
148,71126513.39173533,40646601.489941694,372410781.0571191,10573843001.125685,No
149,71126513.39173533,40646601.489941694,372410781.0571191,8903350580.327175,No
150,71126513.39173533,40646601.489941694,372410781.0571191,7782176635.771799,Tr
151,40976415.06348799,11066346.361342013,204170939.31330773,9497768628.10286,Tr
152,40976415.06348799,11066346.361342013,204170939.31330773,8447339983.280018,No
153,40976415.06348799,11066346.361342013,204170939.31330773,6624462056.524332,No
154,573151657.658643,20486533.549998414,1213857075.535852,11745174309.82913,No
155,573151657.658643,20486533.549998414,1213857075.535852,5380957992.856064,No
156,573151657.658643,20486533.549998414,1213857075.535852,7354960145.22243,No
157,573151657.658643,20486533.549998414,1213857075.535852,10086368243.923565,No
158,573151657.658643,20486533.549998414,1213857075.535852,10997645701.749945,No
159,573151657.658643,20486533.549998414,1213857075.535852,10857962117.304264,No
160,31596907.8524639,10200296.573345158,47568694.8469455,4375799070.480264,No
161,31596907.8524639,10200296.573345158,47568694.8469455,9464274450.097054,Tr
162,31596907.8524639,10200296.573345158,47568694.8469455,6592240527.849415,No
163,31596907.8524639,10200296.573345158,47568694.8469455,3909034754.1667466,No
164,31596907.8524639,10200296.573345158,47568694.8469455,3473400297.5731716,Tr
165,6905676.40192971,3842055.75998914,7218766.672587696,3733098573.1986504,No
166,6905676.40192971,3842055.75998914,7218766.672587696,11502975168.028164,No
167,6905676.40192971,3842055.75998914,7218766.672587696,10656352646.36556,No
168,16095563.264248887,6968059.828502226,26097652.347615663,6085631745.7959,No
169,3413668811.0666666,96029312.48499858,786297888.9454379,3639563537.240707,No
170,5740772.308441472,18124166.48219566,3295527.620180735,10401486695.74594,Tr-ej
171,7888590.5378805185,12197771.93536375,6336698.911204918,5433662556.973107,Tr-ej
172,7888590.5378805185,12197771.93536375,6336698.911204918,8866067835.773878,Tr-ej
173,12034824.328792134,5442063.856873082,7718859.729974154,6701418943.790066,No
174,231706360.67314097,13576922.283957608,91159734.97303115,9499577692.940376,No
175,45950891.45698072,57079082.538214855,31224539.857591152,3897705719.788806,Tr-ej
176,45950891.45698072,31224539.857591152,57079082.538214855,9111056369.839828,No
177,22065415.837039076,8456325.520622164,194523234.4211148,10802394179.20118,No
178,16124131.121448178,98160924.17379344,13840650.831584653,4724876962.589499,Tr-ej
179,17216665.05318165,13609710.848273298,76247541.36331876,10559667692.552376,No
180,17216665.05318165,13609710.848273298,76247541.36331876,10549175069.556557,No
181,13609710.848273298,76247541.36331876,17216665.05318165,4719289670.895033,Tr
182,5956213.552819271,3904778.6220863084,8247893.061970987,3394303921.7701364,Tr
183,5956213.552819271,3904778.6220863084,8247893.061970987,8346101408.284775,Tr
184,5956213.552819271,3904778.6220863084,8247893.061970987,4576896804.050213,No
185,5956213.552819271,3904778.6220863084,8247893.061970987,10187913297.480389,Tr
186,151773484.40898797,37871430.79950708,99213026.69876042,5595569660.857211,Tr
187,151773484.40898797,37871430.79950708,99213026.69876042,11371685047.19327,No
188,151773484.40898797,37871430.79950708,99213026.69876042,8628762346.55714,No
189,17093248.76434597,5120241.755060057,21571580.842922308,6665559020.367677,Tr
190,17093248.76434597,5120241.755060057,21571580.842922308,7232881771.715838,No
191,17093248.76434597,5120241.755060057,21571580.842922308,4377962415.703656,No
192,17093248.76434597,5120241.755060057,21571580.842922308,11837809783.864286,Tr
193,17093248.76434597,5120241.755060057,21571580.842922308,7827461493.951583,No
194,207614203.0078588,22071432.4946815,21942635.4923674,6785098363.539475,Tr-ej
195,207614203.0078588,21942635.4923674,22071432.4946815,8903741234.148092,No
196,110430256.53033058,71478644.19825377,471913920.5185341,8991860297.444454,No
197,71478644.19825377,471913920.5185341,110430256.53033058,8769245650.696205,Tr
198,2755588.4339637,4513518.412075311,4568473.639018658,3600793555.570088,Tr
199,4568473.639018658,2755588.4339637,4513518.412075311,3580806493.8256793,No
200,7581642141.9745,127238657.98840225,164674138.62572202,4407056208.4949045,Tr
201,7581642141.9745,127238657.98840225,164674138.62572202,7289513131.115853,No
202,7581642141.9745,127238657.98840225,164674138.62572202,8892858775.763065,No
203,4086356.832570336,3477476.461487282,815476729.1168807,7363325783.41847,Tr
204,4086356.832570336,3477476.461487282,815476729.1168807,8798224455.10179,No
205,4086356.832570336,3477476.461487282,815476729.1168807,5643232280.537422,No
206,20025960.51280752,9981710.878017623,12032323.87869766,11980229022.512735,No
207,20025960.51280752,9981710.878017623,12032323.87869766,13129117557.147318,Tr
208,20025960.51280752,9981710.878017623,12032323.87869766,7464629045.397588,No
209,20025960.51280752,9981710.878017623,12032323.87869766,8673980750.48691,No
210,20025960.51280752,12032323.87869766,9981710.878017623,5232152142.9013815,Tr-ej
211,20025960.51280752,9981710.878017623,12032323.87869766,10367044521.849283,No
212,20025960.51280752,9981710.878017623,12032323.87869766,7072992801.965215,No
213,40991948.08586112,16533587.405106261,134242971.26198876,12790495309.788685,No
214,28186373.55037191,9779313.5600482,16006471.11779657,4431050114.26107,Tr
215,28186373.55037191,9779313.5600482,16006471.11779657,5961686211.645894,No
216,49629538.70264744,6274970.07227886,19947914.994565897,5504114948.557439,No
217,49629538.70264744,6274970.07227886,19947914.994565897,13228119070.578417,No
218,23312092.168116774,6756574.298682636,21192147.99817783,4923306175.753876,Tr
219,23312092.168116774,21192147.99817783,6756574.298682636,7506490287.424355,Tr
220,48111234.31093969,3937879.593684337,100500002.6987302,6914839918.285015,No
221,48111234.31093969,3937879.593684337,100500002.6987302,13483296364.87399,No
222,185406858.54046515,35992300.996174894,65849774.98686671,8393502891.181776,No
223,17148153.044327695,3787057.877964612,54952156.95865545,5541240307.329563,No
224,17148153.044327695,54952156.95865545,3787057.877964612,13111933265.585669,Tr-ej
225,27724900.594517138,21583367.117665496,50613529.82337179,8594415208.628765,No
226,99185992.71821225,3788648.315038393,300771531.1150757,9011729777.013622,No
227,7282714.716329088,1892776.3214384643,136995847.43272838,8046160112.563302,No
228,7282714.716329088,1892776.3214384643,136995847.43272838,12410234034.423536,Tr
229,9310933.268935269,7052494.996722685,29012412.29193643,11457055567.17948,No
230,9310933.268935269,7052494.996722685,29012412.29193643,7364045912.500279,No
231,7052494.996722685,29012412.29193643,9310933.268935269,5249179829.8099,Tr
232,9310933.268935269,7052494.996722685,29012412.29193643,8763608389.472456,No
233,9310933.268935269,7052494.996722685,29012412.29193643,8912303790.478783,No
234,9310933.268935269,7052494.996722685,29012412.29193643,11708071326.934282,No
235,2722010721.8092003,2446447227.747861,2808186460.046541,9777297179.692137,No
236,2722010721.8092003,2808186460.046541,2446447227.747861,5558492063.479108,Tr-ej
237,241018999.135634,13606203.366512377,72688938.41073774,8148492300.59129,Tr
238,241018999.135634,13606203.366512377,72688938.41073774,9750508440.031784,Tr
239,28198239.412041135,5743338.079706119,11335414.233431019,4421483694.442963,No
240,3993160.990579489,2466143.086866895,10006575.65762644,8017135163.902667,No
241,26284030.841036633,8185099.198218738,17447236.70266837,10839162108.460869,No
242,13985684.381910738,7161411.5356145315,11374408.342400648,5689481743.631447,No
243,8995999.650819143,1635707.7290578792,420281516.94477254,7338289927.131163,No
244,19684163.87538701,4138615.472924904,12192333.208584668,11014002161.808533,No
245,19684163.87538701,4138615.472924904,12192333.208584668,5386556865.323103,No
246,19684163.87538701,4138615.472924904,12192333.208584668,9735852038.503967,No
247,106029094.46944334,15165669.518345956,23420605.94450083,5277689560.291824,No
248,4410301.518168851,3104135.558748623,10492922.79458952,10901744703.058985,No
249,4410301.518168851,3104135.558748623,10492922.79458952,12469840662.985971,No
250,322894106.5948291,59112143.92975923,416052658.3682415,7568816599.155553,No
251,995631491.1251464,9875634.405328872,997154344.1010252,13511619356.126858,No
252,995631491.1251464,9875634.405328872,997154344.1010252,4422972307.597783,No
253,335721070.7301129,1236543.5243668086,2386266224.902536,4178172656.8386807,No
254,335721070.7301129,1236543.5243668086,2386266224.902536,4708120521.945219,No
255,335721070.7301129,1236543.5243668086,2386266224.902536,6101948310.067214,No
256,335721070.7301129,1236543.5243668086,2386266224.902536,4459775738.581624,No
257,335721070.7301129,1236543.5243668086,2386266224.902536,8543687148.988687,Tr
258,52226374.20092477,3911679.9829600267,96432743.88916013,6384571589.979288,Tr
259,52226374.20092477,3911679.9829600267,96432743.88916013,4884599953.473137,No
260,52226374.20092477,3911679.9829600267,96432743.88916013,6425455590.782285,No
261,52226374.20092477,3911679.9829600267,96432743.88916013,4421163119.1372795,No
262,52226374.20092477,3911679.9829600267,96432743.88916013,10869615816.454405,No
263,58007153.84807892,11521864.579669608,977992417.4281884,7789324218.191018,Tr
264,58007153.84807892,11521864.579669608,977992417.4281884,7323203142.430164,Tr
265,121695527.7411373,6514728.461151079,291044304.3691937,9527938927.31092,No
266,121695527.7411373,6514728.461151079,291044304.3691937,13346002554.170025,No
267,7969930.212306496,6233022.294457935,11159514.733137242,4625133606.19263,No
268,7969930.212306496,6233022.294457935,11159514.733137242,7629057250.000406,No
269,7969930.212306496,6233022.294457935,11159514.733137242,4496737108.86226,No
270,4516937980.932333,190179353.163355,915144592.4180799,12020713287.295202,No
271,190179353.163355,915144592.4180799,4516937980.932333,6920847221.75677,Tr
272,16440007.223711573,439656448.58284736,57742552.84621479,6954350798.511241,Tr
273,57742552.84621479,16440007.223711573,439656448.58284736,13053476703.11926,No
274,10795220.893947989,10612702.586708518,49567249.434121296,6916742090.9461775,No
275,56205789.32491686,4933819.809483506,119645030.97765793,10235835245.26144,No
276,56205789.32491686,4933819.809483506,119645030.97765793,9514060930.383036,Tr
277,32201113.058982477,10000668.31992383,328631160.5351424,13725514383.10839,No
278,8345492.329035743,5114490.620998624,14117046.07447786,12058469796.236736,No
279,3006579.8733251495,1339332.6204253228,5193714.267736252,6204843357.332344,No
280,38697744.150121905,2378896.2531052893,72205559.14295696,12443214018.510336,Tr
281,31499874.293103337,24162431.236770723,14215241.363452712,6409450613.787072,Tr-ej
282,5141504.522200097,2595678.506393807,19709491.436809175,7380074383.480862,No
283,5141504.522200097,2595678.506393807,19709491.436809175,5298532131.343342,No
284,5427503.568823906,14690810.449174734,4269599.326215437,5128873339.347623,Tr
285,5427503.568823906,4269599.326215437,14690810.449174734,10875177613.005907,No
286,388621530.728238,51196879.42150437,131199840.32528436,13108583540.953768,No
287,75277298.36849311,22269385.109042946,64342693.85615072,6554202591.532668,No
288,725272766.0454909,2822713.398675789,505614146.0854348,12750137669.397566,No
289,725272766.0454909,2822713.398675789,505614146.0854348,5287050805.1431675,No
290,179296976.778708,57488762.08802316,370573258.22366345,7506890640.704913,Tr
291,179296976.778708,57488762.08802316,370573258.22366345,5918129749.926577,No
292,179296976.778708,57488762.08802316,370573258.22366345,4841023155.884259,Tr
293,179296976.778708,57488762.08802316,370573258.22366345,11129379516.75959,No
294,179296976.778708,57488762.08802316,370573258.22366345,7434228992.254179,No
295,1079713058.0373971,99003287.80965571,21891372.297399975,6355240237.373641,Tr-ej
296,1079713058.0373971,21891372.297399975,99003287.80965571,10873792022.761808,No
297,1079713058.0373971,21891372.297399975,99003287.80965571,13743643813.772545,No
298,1079713058.0373971,21891372.297399975,99003287.80965571,8249349874.025745,No
299,291602140.1331167,4834687.29866159,151290326.64324978,4645614444.715268,No
300,18954601.840004675,24256863.438026354,41350120.38754872,12272967665.879148,Tr
301,20685344.13749531,2896526.7192963683,75468937.21371776,12976739112.567509,Tr
302,20685344.13749531,2896526.7192963683,75468937.21371776,7698320756.686954,No
303,9056116.01274515,4475631.9289249275,26692504.21387113,9204276500.219524,No
304,54925539.29748416,10860895.972204177,79771921.51815152,8228965744.6282,Tr
305,54925539.29748416,10860895.972204177,79771921.51815152,7903842476.590598,No
306,54925539.29748416,10860895.972204177,79771921.51815152,10198674001.801271,No
307,54925539.29748416,10860895.972204177,79771921.51815152,9288765039.744118,No
308,54925539.29748416,10860895.972204177,79771921.51815152,11210820095.137888,No
309,54925539.29748416,10860895.972204177,79771921.51815152,6001502349.509738,No
310,54925539.29748416,10860895.972204177,79771921.51815152,8982856573.146975,No
311,1900050925.0427537,48110721.48182178,119908731.12462287,5506856249.599227,No
312,139091810.67212144,4065938.178785596,40947932.51409879,5408976924.948808,No
313,13401874.803524792,18418113.3342245,26600869.28434537,5919430496.073451,Tr
314,26600869.28434537,13401874.803524792,18418113.3342245,8468746000.063223,No
315,26600869.28434537,13401874.803524792,18418113.3342245,9430012857.357918,No
316,11036281.034883462,20496189.77508926,9505928.787330365,8336260196.554418,Tr-ej
317,9505928.787330365,20496189.77508926,11036281.034883462,6775650904.528621,Tr
318,42403750.44984743,694759715.1508335,42722652.10724868,4822712071.22168,Tr
319,32826176.169075698,9394470.389186675,5887116.431241966,6541082604.379174,Tr-ej
320,32826176.169075698,5887116.431241966,9394470.389186675,7054240686.984049,Tr
321,32826176.169075698,5887116.431241966,9394470.389186675,7040069301.45681,No
322,32826176.169075698,5887116.431241966,9394470.389186675,7021134353.830021,Tr
323,32826176.169075698,5887116.431241966,9394470.389186675,7161261508.0767355,Tr
324,32826176.169075698,5887116.431241966,9394470.389186675,11670123000.719648,No
325,4162238.4895118903,1419361.4259315513,209287318.5783315,6930273703.095812,No
326,231888578.7348479,69166688.30555734,719074941.9493352,11382955882.97898,Tr
327,10379181.770785134,17133551.39052745,9278723.491076186,8372551125.521461,Tr
328,10379181.770785134,9278723.491076186,17133551.39052745,6274235898.871243,No
329,10379181.770785134,9278723.491076186,17133551.39052745,12092730274.292507,Tr
330,10379181.770785134,9278723.491076186,17133551.39052745,8569967968.430934,No
331,4025660.279961242,6739945.711063035,3668669.7182851713,6104479167.381457,Tr
332,160967705.74951735,40066659.9712529,51763330.625728056,12989255771.673088,No
333,15578172.70439658,10220404.242063653,17471093.25877506,12081788408.60809,No
334,47587978.18617928,10508614.160362072,95874670.88023579,7802249602.399565,Tr
335,47587978.18617928,10508614.160362072,95874670.88023579,9114083501.557888,No
336,6102606.454408036,463971675.3813491,44353344.925362766,13111399965.6803,Tr
337,44353344.925362766,6102606.454408036,463971675.3813491,12123467299.174984,No
338,12585545720.157736,1258617.9389308363,13308649630.4055,11429728402.378683,Tr
339,12585545720.157736,1258617.9389308363,13308649630.4055,6978150237.246694,No
340,82287711.64304821,45135610.130683586,264672869.63959172,6676130027.472092,No
341,82287711.64304821,45135610.130683586,264672869.63959172,6608667883.343209,Tr
342,34850369.7707275,16108429.494490637,27763919.189019732,12613361940.507969,Tr
343,34850369.7707275,16108429.494490637,27763919.189019732,10785766824.83535,No
344,34850369.7707275,27763919.189019732,16108429.494490637,10891505777.763618,Tr
345,34850369.7707275,16108429.494490637,27763919.189019732,6485749884.199637,Tr
346,34850369.7707275,16108429.494490637,27763919.189019732,12021388721.38388,Tr
347,46295188.10906022,14763232.137355754,22332434.57875348,8638386306.166294,No
348,46295188.10906022,14763232.137355754,22332434.57875348,8980435591.30078,Tr
349,46295188.10906022,22332434.57875348,14763232.137355754,5298046835.6097,Tr-ej
350,46295188.10906022,14763232.137355754,22332434.57875348,12065813772.06518,No
351,46295188.10906022,14763232.137355754,22332434.57875348,6337644686.658977,No
352,4525076374.106694,367701951.29225093,1538435461.5990605,6536862503.340362,No
353,15775706.43314714,1369310.9392329594,22620417.291755658,8054812848.150854,No
354,661058008.5241789,114624503.94699134,320602293.3787604,10386722355.687048,No
355,661058008.5241789,114624503.94699134,320602293.3787604,7777574929.325448,Tr
356,41992260.43153037,9464634.224736167,17262774.40277201,9395561083.827547,No
357,41992260.43153037,9464634.224736167,17262774.40277201,6638636971.187923,No
358,311935651.2712021,94059016.55654462,243642179.40506452,8403279121.485178,Tr
359,232427318.56153673,9225642.653738787,1252702081.0298083,5822208668.391092,Tr
360,218776259.87180343,29085401.99335808,111701081.8007509,6442166399.464637,No
361,91331891.09908922,32537218.456699666,27135128.531636298,10773066858.322582,Tr-ej
362,67198283.0883428,8440435.350215381,208024909.15101922,10155041985.288515,No
363,67198283.0883428,8440435.350215381,208024909.15101922,6341446799.519601,No
364,317256169.71677524,36904530.26063541,64583673.4734903,7214329817.801544,No
365,317256169.71677524,36904530.26063541,64583673.4734903,11871741577.717276,No
366,317256169.71677524,36904530.26063541,64583673.4734903,7298486680.462671,Tr
367,317256169.71677524,36904530.26063541,64583673.4734903,8598165511.721155,No
368,15152073.91628205,2192460.1071977234,149572086.59032756,5780042783.10022,No
369,15152073.91628205,149572086.59032756,2192460.1071977234,11827201928.245764,Tr
370,7985763.313891508,1115176.1352402566,18110250.15780009,11412632326.743088,Tr
371,195623753.22241423,17250136.108167857,182352130.70739883,8789160797.75503,No
372,7156488.954746818,3172708.957224336,36386360.18186573,9482309906.153402,No
373,3384624.094195737,1134170.4980071057,57134747.8357971,7441997880.556322,No
374,3384624.094195737,1134170.4980071057,57134747.8357971,8508348584.307757,No
375,45609180.08865616,28267320.92353289,250637262.46349004,7151463946.448393,No
376,45609180.08865616,250637262.46349004,28267320.92353289,7367664104.606943,Tr-ej
377,733098279.1592522,64136931.05973046,17983015.19189774,9600710862.570717,Tr-ej
378,733098279.1592522,17983015.19189774,64136931.05973046,11215878747.064472,No
379,733098279.1592522,17983015.19189774,64136931.05973046,13062777884.588804,Tr
380,733098279.1592522,17983015.19189774,64136931.05973046,12456821567.46506,No
381,2447590.6117438287,1162444.7770928368,11326595.827870158,9824426873.078283,No
382,11946536.960370077,8851052.121870749,450062451.1512888,11945403203.660252,No
383,2982506.410856335,2009730.247685302,3674165.24638832,5996997463.418948,No
384,8760681.215285648,26658423.419433,9908416.532316688,12913646287.349524,Tr
385,34031453.45360768,4517693.309393981,206742619.26028472,7350244288.912704,No
386,33999659.26980705,6067162.428192386,149897274.17059135,10495686148.123371,No
387,15951740.348737076,4862562.54844579,5925428.924322826,12674126325.18104,Tr
388,34134648.46461043,21809862.39736887,23922303.63929208,7902979149.857515,No
389,46517484.544161685,12512735.277296105,52318705.57175938,9160542011.737846,No
390,468826567.03601825,18182387.839360755,84778248.21780215,8728093629.197477,No
391,468826567.03601825,18182387.839360755,84778248.21780215,6557746983.857932,No
392,118241119.92695063,35854557.78532079,43498169.96124176,7095332627.223002,No
393,118241119.92695063,35854557.78532079,43498169.96124176,9085290441.235449,No
394,105937057.56340526,10876303.331356412,191725769.21098518,11731049796.153896,No
395,65975003.789666645,7990767.668266338,13318632.46310966,10533066210.144016,No
396,65975003.789666645,7990767.668266338,13318632.46310966,9724763007.284245,No
397,35832602.90165966,3919561.166673844,495516290.7000383,12989034762.502382,No
398,47980351.83214915,15612269.928795578,72809073.21113212,6875202329.016719,No
399,47980351.83214915,15612269.928795578,72809073.21113212,10470809357.041664,No
400,41289059.65830286,2036938.0819117383,71402104.41407812,8448948717.548417,No
401,41289059.65830286,2036938.0819117383,71402104.41407812,8761634182.573046,No
402,3222301907.871965,745596900.1877055,1213587269.2465503,6468030796.73721,Tr
403,3222301907.871965,745596900.1877055,1213587269.2465503,8346198799.034019,No
404,221602645.5298812,66300919.50324141,343970358.0985026,12317803211.803196,No
405,46484271.88517616,10004261.00367085,102635732.48351946,6133685713.7975855,No
406,12837883.761934178,4808757.494226597,7927348.98994939,7771549037.251255,Tr
407,12837883.761934178,4808757.494226597,7927348.98994939,13527440256.904083,No
408,383788634.77579254,141320984.25354692,37409210.02493998,8807765739.437933,Tr-ej
409,74010847.22500655,311536802.05821884,189507321.9684344,8224859038.538102,Tr
410,189507321.9684344,74010847.22500655,311536802.05821884,6230100588.353629,No
411,26309360.582312275,13134383.168178542,94135272.33409992,8290020010.164427,No
412,1416624886.3752885,4941786.195183334,1522999701.7847922,8164116959.9603405,No
413,7829562.666882152,7341429.131902919,183432775.8977078,10140905195.618923,No
414,356745859.9120542,6204011.018192454,269748067.9446694,8613599194.334028,No
415,356745859.9120542,6204011.018192454,269748067.9446694,12516192475.526678,No
416,12959363.26958144,8098178.972070502,250638682.4965917,7992084554.705783,No
417,191117559.43522528,45725491.88108349,8356923.203510958,12971008988.278938,Tr
418,191117559.43522528,8356923.203510958,45725491.88108349,12856040781.802464,No
419,568846800.0660738,1957941640.4703655,1379534818.2140312,8734802975.354248,Tr
420,108665046.04586452,13954693.689973228,273513995.7300825,11730444293.108984,No
421,126745455.00483128,114988174.42430823,925644317.1712259,9378031109.828997,No
422,21923856.0069932,7269916.264906917,7838156.710838613,8803966537.45797,No
423,8871772.894032815,6564060.41110027,10229251.04828655,7984126730.733888,Tr
424,8871772.894032815,10229251.04828655,6564060.41110027,8042561874.575475,Tr-ej
425,8871772.894032815,6564060.41110027,10229251.04828655,13732745391.586044,Tr
426,8871772.894032815,6564060.41110027,10229251.04828655,8287917644.633963,No
427,35099761.348419234,16419274.740428384,1119362392.82374,11710921434.725683,No
428,35099761.348419234,16419274.740428384,1119362392.82374,9310825382.622324,No
429,124607164.03430463,12437785.930194246,34502970.27922876,7671346822.611262,No
430,248568779.16874623,20686332.207391974,219865145.15206495,8659001313.425207,Tr
431,9032570.71026698,7937644.229935909,8027035.313680912,6815877148.17795,Tr
432,9032570.71026698,7937644.229935909,8027035.313680912,13109516329.85336,No
433,31806021.345344946,7636938.020343508,25902539.79945739,13234335146.42582,No
434,19924660.924335532,19613639.202451944,25768062.66473695,8909865915.108545,No
435,19924660.924335532,25768062.66473695,19613639.202451944,12094897586.954208,Tr
436,19924660.924335532,19613639.202451944,25768062.66473695,8190109999.5237,No
437,3658038.841517676,2648446.93644884,5223080.552277105,8454193527.6960125,No
438,150747905.36917028,59089423.400133826,424420913.43590325,11636908086.307705,Tr
439,316754643.8208819,517999674.7974906,264164497.78922305,13130453436.933168,Tr
440,316754643.8208819,264164497.78922305,517999674.7974906,9295293980.87066,No
441,27130368.10287182,14098472.041509083,113235143.56039712,12238050717.00162,Tr
442,913195843.6240784,13639787.149364864,373846434.52282506,8835330920.80488,Tr
443,1798613.9264720941,2659920803.9096756,311272171.7220949,7968702523.342946,Tr
444,5261460.286841829,3797722.326557544,168996719.38695806,12765074038.139408,No
445,5261460.286841829,3797722.326557544,168996719.38695806,9183618642.374552,No
446,5261460.286841829,3797722.326557544,168996719.38695806,10629228759.948906,No
447,26161552.96690496,3836191.0232795784,331190060.1842051,9431959954.380615,No
448,17642676.47221219,14030040.646343524,35074533.60261818,7149329569.126153,Tr
449,29036856.38796901,21758457.19909137,164909864.12058604,9277839824.610004,No
450,132622711.1944534,7873174.727123775,1486902460.3424098,7498376610.230662,No
451,229320650.3865281,41890834.49355363,61892426.73935958,12018197862.283665,No
452,7965030.4275139235,3731733.388326721,5902324.985759981,8161282200.943018,Tr
453,121268426310.76454,558619721.6684316,514223806.7803621,7815310591.957469,Tr-ej
454,64253628.32201951,5848860.739485165,133670129.9088079,12216425163.927876,No
455,386747593.592237,25017149.160616867,60457199.28358398,8068419683.988581,No
456,2521895138.478342,112522286.94339947,231035125.52916086,8433563257.98377,Tr
457,2521895138.478342,112522286.94339947,231035125.52916086,13616952241.879398,No
458,2521895138.478342,112522286.94339947,231035125.52916086,9184778806.261362,Tr
459,2521895138.478342,112522286.94339947,231035125.52916086,11936671204.956575,Tr
460,581024879.0159764,15239227.23300823,469224377.82412535,9372246847.901709,No
461,3796245.4921318917,715794665.4846654,4166443.8399906736,13085230938.97637,Tr
462,247152117.63018543,95711935.08679372,124099674.81734133,8982109768.748348,Tr
463,105245739.94631374,2849168.615358385,1402906082.350343,7521557371.120993,No
464,194469574.7568769,110422057.98615009,182281129.05231944,13342646396.835468,No
465,194469574.7568769,110422057.98615009,182281129.05231944,13329736431.919613,Tr
466,13347076.818276316,12680696.792552002,485573218.9227148,11381688359.547874,No
467,13347076.818276316,485573218.9227148,12680696.792552002,10470191681.303783,Tr-ej
468,13347076.818276316,485573218.9227148,12680696.792552002,7865048196.310087,Tr-ej
469,488300489.7157759,69222921.61638026,200370930.7334566,9268226282.045893,No
470,56634501.44373445,1124240.206527694,59194931.859581865,13026280336.510183,Tr
471,23912293.36240792,13357314.16479694,218608415.85715908,8414432381.770017,No
472,23912293.36240792,13357314.16479694,218608415.85715908,13254457080.883154,No
473,144040314.80610842,25735117.896780092,81692942.29798059,8895141515.159235,No
474,12884432.353561493,9024154.156954398,22848048.597940303,8766425391.342773,Tr
475,5140335.37090547,2642781.0043735015,19801651.585102275,13259820704.503653,Tr
476,134206805.14919482,15211962.597457742,3386935150.929993,12901967289.200457,Tr
477,65475535.432962,16475934.06118177,201242831.0578321,11099788932.876396,No
478,65475535.432962,16475934.06118177,201242831.0578321,13469442090.186735,No
479,15887279.185176048,4490229.869209258,34888225.25968975,11143916725.844484,No
480,30830338.66859016,6543143323.513869,49046773.49584966,7821427596.92726,Tr
481,78353391.27713357,59267637.5543832,220214473.29505575,10544133528.293808,No
482,43220509.48267353,41335175.54090201,4957264.555990733,9513759464.758898,Tr-ej
483,80218567.10320434,8248205.469253336,145212584.96845058,9675843647.896212,No
484,979668308.679734,56823760.58654918,83546227.49886382,8408737211.539155,Tr
485,3992127.7648903104,1328622.7307731411,278171704.303293,10553240664.23423,No
486,4852435.687116954,3788790.318348551,55997159.31811449,8078477939.74944,No
487,9971454.847074866,15417015.377327144,9422743.2482393,10006432928.970312,Tr
488,6350790002.777973,2581421.3740535006,3285842994.4279003,11150803179.46481,No
489,6350790002.777973,2581421.3740535006,3285842994.4279003,9266174056.75998,Tr
490,6350790002.777973,2581421.3740535006,3285842994.4279003,10200750351.093628,Tr
491,460230804.0236827,46032077.027716465,298534978.9800736,9119471039.223175,No
492,120261038.13591851,9639099.49159734,28974497.408124007,13592716071.773268,Tr
493,34594482033.64611,1089906646.1974869,1163078111.8561437,10945342813.503551,No
494,34594482033.64611,1089906646.1974869,1163078111.8561437,12044622478.6358,No
495,12659033.84221816,31781760.846654516,12287745.232680403,10951468087.06496,Tr
496,12287745.232680403,31781760.846654516,12659033.84221816,11965201979.122522,Tr
497,27890170.16239189,25250744.605828222,57645391.73912838,8888190100.33009,No
498,27890170.16239189,25250744.605828222,57645391.73912838,10525843478.175903,Tr
499,18887996.403583687,6882900.443399957,172873409.75429493,9351703769.112225,No
500,18887996.403583687,6882900.443399957,172873409.75429493,11312271705.789476,Tr
501,11295833.682646858,7658650.326466796,247398166.95876646,9718808804.762018,No
502,11295833.682646858,247398166.95876646,7658650.326466796,12674591027.992476,Tr
503,11295833.682646858,7658650.326466796,247398166.95876646,13250723825.171234,No
504,120427949.20424254,30781773.53651582,6008628.663744896,12080117817.94324,Tr-ej
505,547182310.0752883,16244610.668932961,360219796.8799808,11262494764.881992,No
506,108551833.11685535,24120398.256963685,13027894.88589041,10893708717.31539,Tr-ej
507,122653948.52259852,11809691.089030595,182041143.45815092,12509800246.937769,No
508,122653948.52259852,11809691.089030595,182041143.45815092,11597253614.033346,Tr
509,370889291.40038246,6576712.906035408,107938846.10140212,11148072697.810951,No
510,370889291.40038246,6576712.906035408,107938846.10140212,10230997390.171503,Tr
511,96973509.01117216,85404908.82553321,88890948.08662307,10183977766.934015,Tr
512,339105269261.7787,3016434314.3945074,147934788.42418346,9253434980.005806,Tr-ej
513,339105269261.7787,3016434314.3945074,147934788.42418346,12223680190.134518,Tr-ej
514,339105269261.7787,3016434314.3945074,147934788.42418346,12234380144.638166,Tr
515,279346053.8021402,7077586.981627745,83765054.59981868,9672959618.497496,Tr
516,279346053.8021402,7077586.981627745,83765054.59981868,10223392535.76573,No
517,279346053.8021402,7077586.981627745,83765054.59981868,12744455529.251083,No
518,340883761.41442287,24514741.449274838,814434424.8203146,10803729096.084637,No
519,7327788957.078499,39834768.56576336,236299188.2367494,10335713797.713917,No
520,1754068198.1777992,2937508.874608197,8027787931.224754,10325368034.182882,No
521,7819775.310745574,2526835.301628792,8788059.453484276,12213599589.84275,No
522,124416143484.42458,1252976147.4184139,527336392.44043523,12229882404.52588,Tr
523,124416143484.42458,527336392.44043523,1252976147.4184139,12724480353.517857,No
524,171237660102.45624,551461334.8033208,1583393709.5953522,11860285688.37298,No
525,553350908.0273441,18441685.883710843,275798828.9905384,11086238319.908728,No
526,443393927.3434687,68957659.43300349,101923585.88307278,12415798578.611568,Tr
527,19186434.08270991,1692168.2451770417,272429090.4404687,13542084126.065742,Tr
528,10891025.488794478,6823273.253464254,21588763.243451532,13113303143.168568,No
529,257969561.012422,53389694.5369775,55550558.90766489,13557216204.673635,Tr
530,257969561.012422,53389694.5369775,55550558.90766489,13736609101.743618,No
