,M1,qin,qout,t_triple,z_triple
0,21507371.426361017,0.3814849380411676,1.775985906615866,1985633146.8332815,3.2574586767758187
1,154653959.03770307,0.27233453344449776,1.5920740892028589,5529691464.924878,1.1018176652804819
2,183735822.38738865,0.39499133478611514,0.18157495463338108,3025313047.092299,2.2014137367700366
3,87361680.41985595,0.27323082961689693,0.01992728838517294,1972738015.5000665,3.2761646414750767
4,9436960.778534828,0.10627044033244606,43.59640305792966,4814316423.187959,1.3201797315110122
5,574463506.2084289,0.8071516180771771,0.017524192840056154,11258195759.098473,0.20470509008385684
6,131283694.93757045,0.4506650211914981,0.01736665318124698,4452058693.398707,1.4515900704213756
7,1300434421.619504,0.24878094280665572,0.006744878128731028,9469051166.070433,0.3951953566885912
8,31596671.049559377,0.21183193667869196,0.33072506977006694,2713837401.659862,2.4471725991596442
9,186820528.50561863,0.7804687204577254,0.00558184662993006,4003124647.7295156,1.6403672028458098
10,23112569.12450196,0.4907423113893728,0.04540329415701636,9061243953.967264,0.4460745927447213
11,9863953.83276236,0.8759056810432123,0.15960462910887674,7812878223.865952,0.6255239686874972
12,16849816.24619572,0.23575924761778716,2.7759581931975426,2245667359.2201295,2.9186186114341854
13,10928783.218163148,0.5300769467142435,0.10068194006742814,2391784451.798399,2.755247125128123
14,15652551.700050404,0.17496038281080073,1.8816098934922445,4471645600.860821,1.4440516931725358
15,22544679350.996418,0.04243802040379607,0.0004263199456752332,5375134892.871096,1.1450818147565993
16,64273396.2407932,0.9050093538124232,0.01603711845115034,13315407543.765833,0.032909474446189295
17,1507276933.3330798,0.19757727020622193,0.06840745322886488,2742231683.8526163,2.422885025410216
18,120643719.18829009,0.3067866691456239,0.022474366308297848,4237084811.3983655,1.5379731419686065
19,4206357232.295752,0.1489686044401428,0.007234071311568251,4901326366.047812,1.2909410929973995
20,58231507.1253405,0.792261881842568,0.06225792097139011,6735213693.785275,0.8192101118191267
21,188551859.56329802,0.29038354979936554,0.008592948176104837,3355436935.8330975,1.9824029198932496
22,41607228.57865918,0.757981635175702,0.8714446259861739,5280246298.976051,1.1726278811982758
23,8972443739.54182,0.057186108429152414,0.006742128898134469,2625981237.3488517,2.5250379102055853
24,29930208753.826,0.01606903563886644,0.00010878785615104017,4630285740.16217,1.3848855496873935
25,77912691.14531209,0.04444690425416561,2.043417376049726,6819266652.945832,0.8024398286535483
26,44219686.803273655,0.07235476352615072,0.38485589311099716,3886208645.4534955,1.6952315604428871
27,42947363.86711634,0.0382374407289181,11.384229845034557,3128887169.115718,2.128651282095379
28,937855926.5822574,0.09559169086441816,0.004060298956187076,9489597068.535557,0.39271711061332154
29,120296638.93548736,0.30855832363654584,0.02845205105749489,9487553295.207611,0.39296328046520035
30,230483408.3759505,0.1742065523803129,0.05905752394468192,5483816758.029468,1.1144586196629536
31,200423349.3784793,0.7573406927516694,0.04167504706049973,11936032787.011566,0.14350723083072237
32,2842878.3513228106,0.8691044389209961,1.2631435739275219,2435937646.340942,2.709071911524513
33,1270313609.7112515,0.9481534221913978,0.015770572583400436,7389555543.5357485,0.696468062321022
34,2189919.687225278,0.646394242390484,4.908655135957182,12635112732.314955,0.08533406371877227
35,122748851.56782924,0.12488310184456793,0.3235669130190408,9390752006.60284,0.4047123516200825
36,52867897.15314095,0.24226024572235622,0.18255499474930012,3571161096.2667356,1.8573457526316912
37,102168676.51731187,0.3325925445985054,0.016384345458304785,4886843757.808992,1.2957503123702585
38,386934363.98358476,0.1405568458891898,0.057607595150152194,9642333368.591219,0.37453653393201936
39,5438491325.361115,0.09076372047176855,0.0002570543018180296,2672691136.558998,2.4831168823571135
40,6449891.593244366,0.8578509107792123,0.21867534548382947,9376092483.716244,0.40650707998171887
41,188681416.92774028,0.1748242696987196,0.010278523600313751,3868546424.324359,1.7037520119563736
42,9486102.774306474,0.294356529343412,0.6871543293070849,4886664235.77592,1.2958100682955056
43,1473466531.7008734,0.3666303245322811,0.00491739985203755,2723142254.427797,2.439167785084403
44,35379837.99452816,0.5079792322142701,0.18094169298695384,4273044301.43931,1.5230387444608597
45,13226436.804547675,0.9839626168224299,0.05780840119023646,3886204763.8541455,1.6952334240071836
46,14484426.853308566,0.9724557748090042,0.03766039521093028,6806537207.286376,0.8049591536290314
47,146428395.250684,0.3890524092595683,0.11968335587834586,7335303757.627098,0.7060058172582154
48,38788486.77654909,0.10096832897219693,0.6136001161476549,13585321451.33535,0.013137062273967843
49,33374263.762806945,0.9413186921410283,0.04637315064673416,5698040842.25039,1.0568051945478567
50,162112670.07783347,0.3945158562367864,0.012702356757482334,2601773749.3182406,2.547248496493762
51,369218228.5782227,0.1618069368992896,0.08574483338761732,3643375314.9052672,1.818185991929147
52,26666693902.98393,0.2446966590674255,0.0028889841138111396,5700406073.250354,1.0561876784203856
53,400532209.5806158,0.40048803904312347,0.0597150476986042,10724932402.099157,0.2566616346912638
54,900981662.3713657,0.07280426205614052,0.007283800412138406,9763071327.905123,0.36045932370081973
55,8818016.33556115,0.6806612828490102,0.3213364042537248,9022377391.127531,0.45109919792828446
56,17965502.125699718,0.8353813736494771,0.1271221378252422,10589803535.630213,0.27041799507601144
57,7605194445.976631,0.22864469101631316,0.012921747410347802,5319494757.459095,1.1611400637104725
58,26955129.573273808,0.28751225376861184,1.1624120175186696,3204049858.75085,2.078264270260013
59,101482928.1419394,0.46873593143088466,0.06843465618690926,4605878058.324924,1.3937761947302403
60,91024828.22720982,0.159624346218884,0.6474718547334388,2552167437.676985,2.593840416581097
61,17810716.335588,0.21587063382306632,0.8298155442736015,7675303777.3147955,0.6479301280445653
62,26309276.42650713,0.3161061188817682,0.985793945076205,3965964409.5994873,1.657521917913339
63,54981080.16978383,0.0733299158470537,3.198999514406315,4997948977.216171,1.259424185678774
64,15842792.49995853,0.4592468531651532,0.6387357055706943,8435405712.467721,0.5310915013378815
65,8819110.918181704,0.46206126979428747,1.7586208314380807,2458516875.0387673,2.6859869182394562
66,23346707.28594765,0.7167343067933002,0.13895211202159188,2489269415.5597744,2.6551004242823755
67,422776514.33264625,0.3311937612477505,0.0023778218523897196,10332788618.972227,0.2972921196650773
68,793375458.7898293,0.03203746752810561,0.16830150811452183,2803094931.972179,2.3721876702790516
69,2208483256.5200076,0.2597847605177165,0.21699114821143592,3244900278.7696958,2.0516800254036087
70,3310089.7917510504,0.4409490724708473,17.128091123937242,2830686086.6660347,2.349794883339237
71,200274671.91309366,0.13342057993328202,0.2703722332361584,4692898953.165233,1.3624166879673847
72,148993280.549818,0.32630877797299795,0.015911166726983117,3312391552.788757,2.0089331251180558
73,491106906.60300916,0.15567432491496114,0.1912459731460579,11583980136.161947,0.17465800378175655
74,311902892.8723281,0.1820894425666128,0.07051538203358923,3258800998.317362,2.042757880027752
75,123912027.00796124,0.2595428745006481,0.2608198632504775,2843729421.143754,2.339333018213526
76,73158614.60842133,0.37352469206797784,0.04654877462480991,4613490985.720659,1.3909950767954236
77,27865781.788343903,0.5841515435364202,0.09438617421414827,3269266997.3573513,2.036081123980915
78,119966588.37421459,0.21774815205554507,0.11685966283910354,8982603603.595745,0.45627420443997224
79,70099994.35384236,0.23368155733806786,0.43986327453735996,7941796169.716408,0.6050604316587581
80,151888522.31955513,0.4683574451453731,0.06821966419639788,7250247371.886483,0.7211770227627139
81,19364756.94710821,0.6845180772617212,0.0770285089560961,5667640372.367363,1.06477806249304
82,57815411.11572389,0.6579534070805891,0.1708938687239693,5297407311.821891,1.167588409296658
83,10585157.438921569,0.9731690231023599,0.1553453839547789,3524500076.6493807,1.8833390947683206
84,56246789.97153345,0.12760072718250182,1.294254846258489,4128604485.6127443,1.5842882729666024
85,57283069.14767917,0.15303358697686023,0.350774453646539,5159988658.487915,1.208683082317639
86,2368847152.1360784,0.05148716452742124,0.06221764193030544,2825873139.9345865,2.3536752322657755
87,36456375.026796974,0.33338572216522055,1.26544009771676,5314173227.343169,1.162689797575165
88,81758401.01630957,0.49514028096124196,0.008744753935531513,3718694469.1781235,1.7786610083051706
89,4614322.133632723,0.7457669222940758,1.3039998142848037,4972323091.102176,1.2676881377475668
90,256280458.41927475,0.1588369676897203,0.10828909855049587,2845540148.018595,2.3378868671019375
91,62448987.11220365,0.8212881574478619,0.22260680761495594,6876554302.748765,0.7911904973887165
92,195876643.8857251,0.314497628530815,0.1617500329163319,7033961696.901526,0.7610069113065767
93,38250311.98493745,0.13244587115763806,1.9483997746213104,8835430637.727884,0.4757208473536001
94,128884646.72328365,0.9170694431732831,0.131414697277457,5621232323.115467,1.0770793126969946
95,1537926457.5059755,0.3925517438945785,0.26789269553849904,3244900278.7696958,2.0516800254036087
96,2611997890.038176,0.03596557492915918,0.021572912552818423,3795389658.3582625,1.7397242959404002
97,28685218.390798196,0.08379641385237414,1.7367338392235627,3100287470.930618,2.148345924384766
98,1755971895.895148,0.08132730897419121,0.33116923350485045,7071646302.65044,0.7539335998181299
99,498951139.44161195,0.2479922272118677,0.05141643060204956,2924665946.5622396,2.2761289180505466
100,263868134.50678045,0.17779842080817465,0.3599769739616707,9127501173.967339,0.4375816845638763
101,3790658.6445357744,0.3167764400783155,3.363334371519827,12444238246.123547,0.10075957935929565
102,262925075.2324484,0.518636933172592,0.14380828712017613,10803399042.711395,0.24878714453693812
103,514840091.43710715,0.13985299046001923,0.010196912810018298,8902794584.202904,0.46676085584352117
104,116726761.79192388,0.4856470320241463,0.19542462573287772,2882409552.836178,2.3087649479813046
105,47636886.71438938,0.367664754696974,0.3660539579215654,8420761806.400688,0.5331922871425238
106,6817887.857848023,0.6315627160099963,31.16581193828961,5510660226.320722,1.1070416984488296
107,227068515.64311498,0.04048061987171287,0.38684087711955045,11074769338.306395,0.2221727769192994
108,918386814.2404895,0.1699100803873315,0.0035408113237903635,8474406213.042637,0.5255229450748913
109,818824789.0122648,0.8831252864576312,0.18341772045491458,5353336704.841222,1.1513415934931175
110,425101274.484358,0.27793882839159856,0.07339505583626946,5064779598.508937,1.23818516549484
111,92650597.2891646,0.36512624378387315,0.23135086325773602,4668921959.353468,1.3709640386676682
112,261869180.43641898,0.14873926699534215,0.10288911025654157,7996016995.88332,0.5966023051789305
113,10017024.488827642,0.9664905668842677,0.1097681913885523,3442830619.6667023,1.930206386641538
114,5568890459.7264805,0.019277462404143013,0.00024678066352323965,4440362796.060466,1.456116818769993
115,1402985272.8659797,0.0739110190291935,0.0014264313464324074,5263846972.838826,1.177467897799698
116,426603289.67265767,0.3446066883072235,0.25826856949905896,4134457009.536102,1.5817397584126378
117,12922740.288898066,0.3366303204644481,0.7035034892738251,3050204504.674799,2.1835591019913747
118,215897673.67164135,0.27870242228009545,5.140266037507567,11823596992.89499,0.1533130573493467
119,11733454815.300726,0.025235623003194884,0.006418078325951609,6032543417.964211,0.973265466487233
120,41517458.74490094,0.28088619562449196,0.02683660309720876,4128290316.322923,1.5844252448243406
121,4073612738.489568,0.0710708030695452,0.0007482148007655802,12579607352.8481,0.08978578459687817
122,540965658.289933,0.9228281118139324,0.02045564486325314,8951689705.855415,0.4603198246620757
123,57176021.304126926,0.9548114633637941,0.12265115972493246,3375828646.824424,1.9700273730765085
124,9989095583.856884,0.26962316650063556,0.0296648197972975,9412874591.711481,0.40201169536674164
125,12847535.029120333,0.6413071955861729,0.8284129038441127,4127913110.0713196,1.5845897167583176
126,437098060.6894096,0.038598366805960994,0.13546998716231715,5699568694.844237,1.0564062495374644
127,19734878.515647955,0.6051241898935794,0.4516797277907381,2931047075.058879,2.2712675655195746
128,418380411.64814085,0.6784844823143698,0.12965413591521036,3075626969.502947,2.1655676119535694
129,133628064.47840717,0.042401933314653965,19.45608570354805,3712352639.0096564,1.781938852394116
130,29870809.912404604,0.4051458041862123,0.17211381082436772,3105939924.4162946,2.1444300018975646
131,101652647.77963406,0.5698144758547443,0.41578396887049024,6362001459.017682,0.8977551387988035
132,14002248.591886144,0.9863395903258331,0.090863936073775,12458881487.044897,0.09956443374219488
133,408529118.3995063,0.1990848784590701,0.004395871906173287,5399589472.385801,1.1381066603290748
134,9849876.36167753,0.44858183334937585,2.0863959639818352,7714402487.543819,0.641501024732467
135,16789357.160008434,0.691230749006482,0.9165481466179158,4132246380.086331,1.5827016959170896
136,4857790.747080712,0.9497560080157866,0.13010156717116933,4153633101.1783404,1.5734299057185723
137,680254964.1905458,0.02018665915503809,0.16308157038335538,4421397721.806871,1.4634977597800793
138,513256472.9579976,0.1665643928896631,0.03925882334783859,7550925570.41546,0.6687154083100271
139,4185632788.5516324,0.009557905477023051,0.035055906240000795,12247963127.456425,0.11697258527049724
140,207942863.79656574,0.05200674979498287,0.37801935317639057,5077751102.657615,1.234114210680009
141,103743826.24813926,0.32096437346437345,0.2111700064956642,5703018926.28523,1.055505987654903
142,109778031.23693073,0.8530247064242014,0.04298017233554982,9238567565.954887,0.42354648693925695
143,8879994.711303208,0.9749444556655219,3.835503126922119,3383098738.721097,1.9656445827961153
144,92806662.19953565,0.2091093453811076,0.06232960303742756,3510283102.5314584,1.8913702599875022
145,491662104.97190595,0.10768533436042443,0.0019565101576984843,6848816900.706517,0.7966191440466421
146,60020864.971317045,0.5644727675461317,0.9393395373079646,5126532307.024553,1.2189511364392491
147,987512526.1170708,0.15291872872023995,0.045957682075673995,13364775537.961197,0.029251389378236525
148,71126513.39173533,0.5714690563570447,3.3318457792945373,10573843001.125685,0.27205944908939456
149,45424370.41493895,0.5853055862935945,0.04882772562884484,8903350580.327175,0.4666873216777568
150,200764382.16189122,0.2962673551083758,0.10142831876866143,7782176635.771799,0.6304723972167519
151,40976415.06348798,0.270066240401852,3.923138083443364,9497768628.102861,0.39173363581985676
152,1523857965.0875804,0.06250694260281306,0.0041628007346039145,8447339983.280018,0.5293834468183471
153,592288500.2324034,0.13442553741166535,0.0023686971938605954,6624462056.524332,0.8418051539780945
154,573151657.658643,0.03574365227117567,2.0447759148791476,11745174309.82913,0.16023095521458744
155,1479575160.3483508,0.07320328270585229,0.009300817764268944,5380957992.856064,1.143416364933775
156,19783367.685106684,0.6355059396021182,0.08425756296258716,7354960145.22243,0.7025377738714254
157,20118012045.728615,0.03946931574102485,0.0021396185309286143,10086368243.923565,0.3239793620456487
158,1450087649.0286164,0.14445466315216113,0.0021277997932830873,10997645701.749943,0.22964101551766178
159,204533723.96207935,0.39708062619612305,0.09010088141477375,10857962117.304264,0.24335961626900987
160,31596907.8524639,0.3228257847563317,1.1380831684899158,4375799070.480264,1.4814535893776093
161,30130952782.614132,0.02362345716177976,0.010795755278005945,9464274450.097054,0.3957726504356034
162,21628020.816028062,0.7135547850646545,0.2592075482266102,6592240527.849415,0.8484883977884038
163,5780019796.621148,0.19867521719070225,0.00014825873984547987,3909034754.1667466,1.6843122205279233
164,757384782.4604694,0.06570963036749797,0.010410802437408585,3473400297.5731716,1.9124538947044327
165,6905676.40192971,0.5563619747539174,0.6716548722869262,3733098573.1986504,1.7712496241495883
166,17551807.454236526,0.5283322179871395,0.09305044000382466,11502975168.028164,0.18201598810079422
167,26158341.793475267,0.522180248032501,0.03928068721111711,10656352646.365559,0.2636118897181184
168,16095563.264248887,0.43291804791818184,1.1315504178447204,6085631745.7959,0.9606695701786551
169,3413668811.066666,0.028130822818453968,0.22403576070233017,3639563537.240707,1.8202214612126104
170,5740772.308441472,0.5740564932935683,2.0057066083860176,10401486695.745941,0.29001536064768596
171,7888590.5378805185,0.8032739030852832,0.8574709132648237,5433662556.973107,1.1284706218134875
172,38210910723.017265,0.01581825656831539,0.000273643080234489,8866067835.773878,0.47163336650215687
173,12034824.328792134,0.45219304480028677,0.4416609895293184,6701418943.790066,0.8260438118494925
174,231706360.67314094,0.05859538013766504,0.37165082705198277,9499577692.940376,0.39151607716557035
175,45950891.45698072,0.6795197844382106,0.7396017303169574,3897705719.788806,1.6897187776541147
176,61757158.50164804,0.4009248768344557,0.05658884406584725,9111056369.839828,0.4396811117974823
177,22065415.837039076,0.3832388921684109,6.373267899155684,10802394179.20118,0.24888746744029352
178,16124131.121448178,0.858381188253545,3.2758764715075217,4724876962.589499,1.3511249467692954
179,17216665.053181652,0.7904963479415669,2.4734513588968468,10559667692.552376,0.27352029054568583
180,160228979.54304972,0.2823068245644673,0.16581394013860226,10549175069.556555,0.27460342939892785
181,50798839.43148398,0.2073952614579115,0.05022093520772152,4719289670.895033,1.3530890702093898
182,5956213.55281927,0.6555806952620176,0.8364161451177669,3394303921.7701364,1.9589194525238822
183,8704475551.169542,0.02636918089920273,0.025671525245480255,8346101408.284775,0.5439881426024666
184,453693868.99147683,0.5259796064386415,0.062121869863361434,4576896804.050213,1.404431041890594
185,676730928.8339546,0.23945150194449008,0.0025623993023416148,10187913297.480387,0.3128691388333142
186,151773484.40898797,0.24952600216684725,0.5231515255217148,5595569660.857211,1.0839503306421685
187,294909264.25799006,0.26808506385785386,0.0632983011884105,11371685047.19327,0.19409919560605704
188,970393952.8766155,0.04864097321887948,0.0037472540793082173,8628762346.55714,0.5038520714856706
189,17093248.76434597,0.2995476065228827,0.9711027100435685,6665559020.367677,0.8333533330457743
190,315352426.23185754,0.3587245747141344,0.1473682098906378,7232881771.715838,0.7243077877474271
191,29447099.134211376,0.8114419992579356,0.05875484553887556,4377962415.703656,1.4805949435414483
192,23434256.14059843,0.8588215909839845,0.03645558137861346,11837809783.864286,0.1520662526030222
193,73886857.4301199,0.47470598726966673,0.12876157796230886,7827461493.951583,0.6231837057144756
194,207614203.00785878,0.10568947198442306,0.0961480069114114,6785098363.539475,0.8092185979765562
195,732607906.8148241,0.08495644976943996,0.06839296761345978,8903741234.148092,0.4666356554384869
196,110430256.53033058,0.6472740935689266,2.594232160319903,8991860297.444454,0.4550667928474476
197,4169449937.7668953,0.10239687212881678,0.0002810358897241074,8769245650.696205,0.48462289950249265
198,4568473.639018658,0.6031748570088327,0.6162588966476914,3600793555.570088,1.8411228047135042
199,40773128331.00554,0.011483936944552619,0.0003191986944520286,3580806493.8256793,1.8520412652999816
200,7581642141.974499,0.016782466859516794,0.02136161433790944,4407056208.4949045,1.469113055062801
201,94840427.38772972,0.29597614760732743,0.048896784120513306,7289513131.115853,0.714139868614711
202,368364655.46026355,0.12126951011073073,0.006188053408398467,8892858775.763065,0.46807610098231023
203,4086356.832570336,0.850996768997272,107.81262587549946,7363325783.41847,0.7010660626134952
204,1604883785.2138028,0.05727633837761525,0.017676206533954842,8798224455.10179,0.48071298563444825
205,1563564994.6368756,0.1361413198200763,0.04286484739562516,5643232280.537422,1.071228063002084
206,20025960.512807522,0.4984385578726105,0.4009749281104347,11980229022.512737,0.13968843857811547
207,56046783029.52764,0.009242273093972015,0.004670123090016293,13129117557.147318,0.04688599308192399
208,762580586.3427598,0.6390162665225773,0.10690120998837964,7464629045.397588,0.6834436829422803
209,437120190.9641804,0.135882866545772,0.023652578299312447,8673980750.48691,0.497612300205797
210,175050867.39168906,0.3057635330188551,0.11173078839574548,5232152142.9013815,1.186890026585956
211,128212455.06721607,0.3646815739932963,0.01603418657810559,10367044521.849285,0.2936549171624727
212,3767190651.0147643,0.10733014668952741,0.0006858773551915728,7072992801.965215,0.7536819313722352
213,40991948.085861124,0.40333744008641054,2.333624017860164,12790495309.788683,0.07301653648553635
214,28186373.55037191,0.34695181849383977,0.4216036199013876,4431050114.26107,1.4597348594503026
215,1692308601.9732172,0.26074420790630976,0.0072230017025178015,5961686211.645894,0.9903489110497414
216,49629538.70264744,0.12643619578805654,0.3568212194632989,5504114948.557439,1.1088449260980435
217,10973962672.614573,0.05479128496952491,0.00028083439504017867,13228119070.578415,0.03942405176638989
218,23312092.168116774,0.2898313137215283,0.7047917479671848,4923306175.753876,1.283685311291523
219,428474470.3436608,0.689540888740594,0.027191542108197717,7506490287.424355,0.6762671687570415
220,48111234.31093969,0.08184948172882213,1.9308686576852907,6914839918.285015,0.7837523131536632
221,459631503.9772441,0.9895339595721659,0.14386265073782933,13483296364.87399,0.020545798954016443
222,185406858.54046515,0.194126049486565,0.2974255870016933,8393502891.181776,0.5371173304804003
223,17148153.044327695,0.22084348490330888,2.624867605233492,5541240307.329563,1.098661286549981
224,30372553.29269233,0.6509254807469189,0.12433567683311886,13111933265.585669,0.04818923181301203
225,27724900.594517134,0.7784831200416932,1.026471465572632,8594415208.628765,0.5086242095327418
226,99185992.71821223,0.03819741287262161,2.9208310715834997,9011729777.013622,0.4524812700131878
227,7282714.716329088,0.25989983064893885,14.93062843926664,8046160112.563302,0.5888565454729111
228,209842335.2844876,0.9542551434287077,0.006042401363331418,12410234034.423536,0.1035425684666336
229,9310933.268935269,0.7574423307545795,1.7730032986318027,11457055567.17948,0.1862197905760008
230,1848882347.6357183,0.0865330612454438,0.0016485593570723604,7364045912.500279,0.7009394975727419
231,244281102.38168314,0.6535331626412694,0.28585341661725955,5249179829.8099,1.1818169218260772
232,45435547.048544906,0.9455209458897849,0.27099982252137783,8763608389.472456,0.485385717394774
233,93280424.04580303,0.2762429837592096,0.16475336851732908,8912303790.478783,0.465504110282167
234,7195726136.5912285,0.27146437998537093,0.006084013937482199,11708071326.934282,0.16352675457707005
235,2722010721.8092003,0.8987647286421471,0.5433315869943769,9777297179.692135,0.3588173731725716
236,6574635628.445757,0.043253689638228975,0.021002123852564763,5558492063.479108,1.0939654941422061
237,241018999.13563395,0.056452824944540805,0.2854742488034938,8148492300.59129,0.5732712449155618
238,331797943.74981844,0.17373643455305446,0.06483804524251485,9750508440.031784,0.36191223158341257
239,28198239.412041135,0.20367718692584816,0.3339683972021388,4421483694.442963,1.4634641751782822
240,3993160.990579489,0.6175917005813,1.5491724089234133,8017135163.902667,0.5933312642083904
241,26284030.841036636,0.3114095873544455,0.5061699173375852,10839162108.460869,0.24522528204392283
242,13985684.381910738,0.5120529921923015,0.5378709391947437,5689481743.631447,1.0590431519226546
243,8995999.650819143,0.18182612189285025,39.530952266449034,7338289927.131163,0.7054780449902619
244,19684163.875387006,0.21025101696596882,0.511793062863113,11014002161.808533,0.22805090812803674
245,78758890.65008041,0.6109599978708116,0.016164061098533536,5386556865.323103,1.1418177135644958
246,5541270756.445807,0.026476262643016897,0.020903184785529032,9735852038.503967,0.36361069948050634
247,106029094.46944334,0.14303309477679804,0.193247671548422,5277689560.291824,1.173380904202751
248,4410301.518168851,0.7038374918269656,1.3963684421313785,10901744703.058983,0.2390326061158744
249,93078263.55572678,0.8679404844887216,0.44001797015026917,12469840662.985971,0.09867126517096823
250,322894106.5948291,0.18306975173112647,1.089125263780106,7568816599.155553,0.6656938018807141
251,995631491.1251463,0.009918965494119384,0.9916929664471115,13511619356.126858,0.018481239143573726
252,100041330.70040846,0.3236025592296972,0.010144335945012618,4422972307.597783,1.4628830241731277
253,335721070.73011285,0.00368324669547147,7.081799383528286,4178172656.8386807,1.5628854465462794
254,490366327.53645265,0.41964512092668194,0.02182352919340851,4708120521.945219,1.3570265466670253
255,20188699970.01958,0.06495413324488744,0.000919572119256252,6101948310.067214,0.9568325596047917
256,3522289336.1104774,0.07330429561319572,0.025514436084127644,4459775738.581624,1.4486137006689772
257,476579436.43347305,0.14248409331919407,0.12444279449879543,8543687148.988687,0.5157242997477965
258,52226374.20092478,0.07489855542931344,1.7177785245866688,6384571589.979288,0.8928044065932103
259,1256950574.3783045,0.32759655549997974,0.010230273901630248,4884599953.473137,1.296497440051216
260,837823149.7392263,0.16152065808168511,0.08539236431966263,6425455590.782285,0.8839051534206336
261,190851791.70931205,0.9240656817480117,0.19203689516501704,4421163119.1372795,1.4635893831952216
262,126088056.29229744,0.5764934486913667,0.06844958787529459,10869615816.454403,0.24220545308678035
263,58007153.84807892,0.1986283383226393,14.065960365088062,7789324218.191018,0.6293177373669393
264,175057439.70571402,0.38936699286153265,0.007612521809256076,7323203142.430164,0.7081477978705979
265,121695527.7411373,0.053533014582169226,2.2700547755710585,9527938927.310919,0.3881132214874293
266,156198145.7999908,0.5785112616009971,0.043598596598941906,13346002554.170023,0.0306402059318262
267,7969930.212306496,0.7820673617484662,0.7857179503925193,4625133606.19263,1.3867560050792562
268,2440003185.240493,0.4382641276255585,0.024953617592074304,7629057250.000406,0.6555987054462304
269,46968487.13868976,0.36705878615058346,0.025909666757106216,4496737108.86226,1.4344716934193191
270,4516937980.932332,0.042103600706091766,0.19441720430236398,12020713287.295202,0.13620780457733317
271,19421387.644228715,0.9566478685721538,0.15117384848944806,6920847221.75677,0.7825909330681486
272,57742552.84621479,0.28471216483095396,5.926682068782959,6954350798.511241,0.7761419471737536
273,4797921536.368209,0.08009022959411573,0.014898215020599827,13053476703.119259,0.05264048333809069
274,10795220.893947989,0.9830926750797853,2.315369329440505,6916742090.9461775,0.7833844000918874
275,56205789.32491686,0.0877813454582386,1.9569152088402755,10235835245.26144,0.30768134862538526
276,141077422.93775764,0.2489491936909386,0.10930960983101333,9514060930.383036,0.38977649294930256
277,32201113.058982484,0.3105690260335318,7.787139542393864,13725514383.10839,0.003082516057642329
278,8345492.329035743,0.6128446854122941,1.048816044335466,12058469796.236736,0.13297657500467522
279,3006579.8733251495,0.4454671676306001,1.1950802680000896,6204843357.332344,0.9329981652963797
280,38697744.150121905,0.06147377076753445,1.7578253341596095,12443214018.510336,0.10084324860628428
281,31499874.293103334,0.45127930451979725,0.5285435876023112,6409450613.787072,0.8873785058145108
282,5141504.522200097,0.5048480450004724,2.547373037960952,7380074383.480862,0.6981272231002229
283,485522075.38373554,0.07212796719329145,0.06472812306793728,5298532131.343342,1.1672589951896242
284,5427503.568823907,0.7866598836968839,1.514969017879554,5128873339.347623,1.2182291992751717
285,131548102.39345002,0.13954090982934153,0.07158904999319633,10875177613.005909,0.24165524446468126
286,388621530.728238,0.13173968854882162,0.2983045668338793,13108583540.953768,0.048443550150899
287,75277298.36849312,0.29583135409604006,0.6596092410560337,6554202591.532668,0.8564431618751696
288,725272766.0454909,0.003891933532905806,0.6944338488015669,12750137669.397566,0.07619550937488496
289,36159613.997999564,0.8087402616024344,0.02413281277007229,5287050805.1431675,1.1706265912725697
290,179296976.778708,0.3206343080674303,1.5650151060500783,7506890640.704913,0.6761988250279162
291,128364165.1471613,0.4548007366305173,0.0059389693805608,5918129749.926577,1.0010082602703858
292,149084434.17547965,0.878306451206038,0.16507756972362986,4841023155.884259,1.3111163632948086
293,1311412625.7972097,0.07156685693261579,0.000984448187828208,11129379516.75959,0.21692936681145203
294,741243750.7770196,0.36560054209305676,0.0906291221002159,7434228992.254179,0.6886936993217349
295,1079713058.0373971,0.020275176014998078,0.08987190418212729,6355240237.373641,0.8992435084225504
296,175783006.69826955,0.2280455954623842,0.006327386598212672,10873792022.761808,0.24179227845719892
297,11302342.986933064,0.6893849209938815,0.24984213102890757,13743643813.772545,0.0017927551536701253
298,11217176136.67893,0.03735893092916873,0.000689830804463952,8249349874.025745,0.5581945323204527
299,291602140.1331167,0.016579738737358254,0.5103627911348754,4645614444.715268,1.3793401527962916
300,41350120.38754872,0.45839290580910264,0.40223820858498754,12272967665.879148,0.11488685181902801
301,20685344.13749531,0.14002796859666344,3.2002947379377398,12976739112.567509,0.05852633263874351
302,39050279762.993675,0.00623839163650985,0.002467754366568902,7698320756.686954,0.6441394145112159
303,9056116.01274515,0.494210975502758,1.9725836107006856,9204276500.219524,0.42785321157189754
304,54925539.29748416,0.1977385404152355,1.2125892091755748,8228965744.6282,0.5612193704119361
305,29370267.736818984,0.6139786164716259,0.27140007196790944,7903842476.590598,0.6110327679165849
306,198238610.39343548,0.8259229435084243,0.022020475285062752,10198674001.801271,0.3117011729541614
307,220033527.13037077,0.4307691681555674,0.014797308371407943,9288765039.744118,0.41728415182314027
308,330043140.62632936,0.6226246354974039,0.05956842460298952,11210820095.137888,0.20917762068270188
309,327281577.7535655,0.817586798708013,0.09100312081035479,6001502349.509738,0.9807106670893098
310,273623967.33323324,0.4535409526688371,0.24064934779652367,8982856573.146975,0.4562411838337
311,1900050925.0427537,0.02532075369545125,0.06154968266546782,5506856249.599227,1.1080892921849013
312,139091810.67212144,0.02923204579146763,0.28603364360489075,5408976924.948808,1.1354423013469996
313,26600869.284345366,0.5038134152785678,0.46042124744660545,5919430496.073451,1.0006881617273404
314,4203651467.785017,0.07440962071121449,0.015223422925961131,8468746000.063223,0.5263287516215139
315,140556981.1343524,0.26198334708574,0.11483033828925278,9430012857.357918,0.3999258827524968
316,11036281.03488346,0.8613344257258435,0.9977597323986638,8336260196.554418,0.5454219174205913
317,87572692274.50536,0.025077399528313123,0.004442452509588792,6775650904.528621,0.8111021688375272
318,42722652.10724868,0.9925355369652453,8.161506821398252,4822712071.22168,1.3173219177190463
319,32826176.169075694,0.17934213235558022,0.24266782177834154,6541082604.379174,0.8592034391976843
320,24730599.908097964,0.714018733224186,0.25002856353526326,7054240686.984049,0.7571934162985712
321,77102691.97800274,0.4264794349813045,0.010154790629948366,7040069301.45681,0.7598566011202025
322,1026248154.5337054,0.25790338181884553,0.03496388182196376,7021134353.830021,0.7634278047397736
323,304401304.6647433,0.8233777537173597,0.050928570729396085,7161261508.0767355,0.7373418768332323
324,171215887.8657513,0.29536269943982085,0.0947464849414754,11670123000.719648,0.16691298495307405
325,4162238.4895118913,0.34100915397041587,37.495936962315255,6930273703.095812,0.7807716372617423
326,231888578.7348479,0.29827552819945363,2.3885147369065183,11382955882.97898,0.19305412595115512
327,10379181.770785134,0.8939744669655493,0.871585815593922,8372551125.5214615,0.5401471220780719
328,166941051.70643243,0.38542163954554454,0.09628599301206435,6274235898.871243,0.9172680065983132
329,25826577.255111646,0.722569886961822,0.07186047173984476,12092730274.292507,0.13005687325132942
330,1538383395.8043542,0.12920096104673037,0.1138768865782239,8569967968.430934,0.5120381438292763
331,4025660.279961242,0.9113212400328258,0.8759626520566588,6104479167.381457,0.956238833612418
332,160967705.74951738,0.24891117000574534,0.2574849849185762,12989255771.673088,0.05756296894440014
333,15578172.704396581,0.6560720847047214,0.6772115103493036,12081788408.60809,0.13098807652144157
334,47587978.18617928,0.22082497640998827,1.6502632427793928,7802249602.399565,0.6272337495562557
335,11341348.262390621,0.9481175083167585,0.41571660502581664,9114083501.557888,0.43929423271524387
336,44353344.925362766,0.13759067021162497,9.195578771057884,13111399965.6803,0.04822971521351548
337,179810612.11361313,0.28787695018257026,0.17301886169616157,12123467299.174984,0.1274473595919108
338,12585545720.157736,0.0001000050348961151,1.0573493694602063,11429728402.378685,0.1887328911397043
339,1668622348.3439298,0.13868838248287133,0.0033513779059940792,6978150237.246694,0.7715896979394197
340,82287711.64304821,0.5485097255647977,2.0771148166234186,6676130027.472092,0.8311923115902305
341,1478582470.8488667,0.1805776066766892,0.007359902900947376,6608667883.343209,0.8450748346400003
342,34850369.7707275,0.46221688895883334,0.5448307179398153,12613361940.507967,0.08707527203405016
343,5487949918.277073,0.04254238573147964,0.0002218285628653652,10785766824.83535,0.2505494635802391
344,32448200.117256388,0.9882271855149677,0.023548360741952233,10891505777.763618,0.24004228249111437
345,1074336556.8606527,0.35772037731317796,0.14889016947725126,6485749884.199637,0.8709394394579949
346,206527558.06476262,0.08046284730108261,0.01279978245391743,12021388721.383879,0.13614987359909392
347,46295188.10906022,0.3188934474696844,0.36575519786829663,8638386306.166294,0.5025199861620214
348,376502362.7546428,0.3635729610631444,0.1807786539551758,8980435591.30078,0.4565572566366101
349,2740207410.1429367,0.027914442083371904,0.02204125049857879,5298046835.6097,1.167401110402738
350,681281189.21955,0.12086789243742575,0.00364930029916091,12065813772.06518,0.13234973084337118
351,11897523267.424444,0.05762679396365876,0.0038906083507510977,6337644686.658977,0.9031283780074204
352,4525076374.106694,0.08125872822750758,0.3144298309230309,6536862503.340362,0.8600931151605253
353,15775706.43314714,0.08679870819324013,1.319358085235667,8054812848.150854,0.5875272490623638
354,661058008.5241789,0.17339553029981766,0.41331638682608085,10386722355.687048,0.2915734018559331
355,1417740878.3599648,0.05943233591922178,0.005472145731965624,7777574929.325448,0.6312166257659099
356,41992260.431530364,0.22538996775771422,0.33548029895872683,9395561083.827547,0.40412448369356585
357,71372796560.1582,0.01352987632002572,0.009661475450802525,6638636971.187923,0.8388809100748381
358,311935651.2712021,0.3015333969465649,0.6001117716857202,8403279121.485178,0.535707460270533
359,232427318.56153673,0.03969259169204007,5.1838888078588194,5822208668.391092,1.0249203730365524
360,218776259.87180346,0.1329458781789271,0.45065897226783336,6442166399.464637,0.8802928731703374
361,91331891.09908925,0.29710463897212447,0.2746521230813578,10773066858.322582,0.25182137128222737
362,67198283.0883428,0.12560492563655376,2.7502437038247707,10155041985.288517,0.31644805696093703
363,6984600099.031663,0.04700283882661832,0.021809944377379584,6341446799.519601,0.9022875053475004
364,317256169.71677524,0.1163240743074635,0.18235697376250282,7214329817.801544,0.7276651098903847
365,549331785.3978522,0.2233616685654194,0.07190440631537981,11871741577.717276,0.14909816236130669
366,3650797.8376267534,0.7657906831384661,0.40773709789941526,7298486680.462671,0.712539733284529
367,78923524.15213218,0.9421405353344837,0.4492737000138925,8598165511.721155,0.5081017719118688
368,15152073.91628205,0.1446970308692699,8.623586334913794,5780042783.10022,1.0356277546102615
369,119074471.00429364,0.8454955791452383,0.10805041709171986,11827201928.245764,0.15299661637835213
370,7985763.31389151,0.13964552809878172,1.9899319470285912,11412632326.743088,0.19030944790103616
371,195623753.22241426,0.08818017149765728,0.8566204680190507,8789160797.75503,0.4819338359697077
372,7156488.954746818,0.4433331731924094,3.522670442754834,9482309906.153402,0.39359519163832546
373,3384624.0941957375,0.33509496666175875,12.643802826174667,7441997880.556322,0.6873489380476395
374,1134980721.693129,0.06353185871568774,0.032714255616947824,8508348584.307757,0.5207075357815832
375,45609180.08865616,0.619772617455219,3.3926520480732676,7151463946.448393,0.7391403782896854
376,2191431159.42738,0.40122784246478005,0.06625523055970564,7367664104.606943,0.7003038549913778
377,733098279.1592522,0.024530156055640216,0.08539279508370348,9600710862.570715,0.3794491006539547
378,33643258.181876875,0.6741676024922482,0.30145837070181214,11215878747.064472,0.20869877277531584
379,290467253.1173554,0.17892527619061277,0.04033436039302721,13062777884.588804,0.0519303672048166
380,37353255.46340634,0.9958715690081544,0.251544767873845,12456821567.465061,0.09973244049489655
381,2447590.6117438287,0.4749343176572461,3.1375304139387277,9824426873.078283,0.35340238153643755
382,11946536.960370075,0.7408885228608176,21.640126140178406,11945403203.660252,0.14269590836329898
383,2982506.410856335,0.673839372270878,0.7359757755277652,5996997463.418948,0.9817961522171853
384,9908416.532316688,0.8841656168482969,1.4279438556615158,12913646287.349525,0.0634022698743869
385,34031453.45360768,0.13275052490933384,5.363091964948761,7350244288.9127035,0.7033685227867434
386,33999659.26980705,0.1784477420801758,3.7411820508357376,10495686148.123371,0.2801491778767361
387,15951740.348737076,0.3048295948993908,0.28468063300475993,12674126325.18104,0.08222144705892917
388,34134648.464610435,0.6389361946990768,0.4276077003928194,7902979149.857515,0.6111691228356434
389,46517484.54416168,0.2689899378677077,0.8863037564488497,9160542011.737846,0.433380279802988
390,468826567.0360183,0.03878275916467827,0.17407944426708968,8728093629.197477,0.49020822729772057
391,156667998.41521335,0.24184468812941595,0.027925609805352317,6557746983.857932,0.8556989246733543
392,118241119.92695062,0.3032325624746429,0.28228027292538255,7095332627.223002,0.7495171306829694
393,778469642.9899225,0.2603860367730347,0.173666620601932,9085290441.235449,0.4429817578816785
394,105937057.56340526,0.10266759886970381,1.6412999997809572,11731049796.153896,0.16148387239794082
395,65975003.789666645,0.12111810851487813,0.18006480836456165,10533066210.144016,0.2762693385520203
396,869110127.2752925,0.4260948305351908,0.03515730143903136,9724763007.284245,0.3648982377607683
397,35832602.90165965,0.10938533205167479,12.465140007176759,12989034762.502382,0.05757996789452878
398,47980351.83214915,0.3253888171435751,1.144929571937348,6875202329.016719,0.791454324373465
399,246101044.83140028,0.5231850578106636,0.005898181914327439,10470809357.041664,0.2827422841881245
400,41289059.65830286,0.049333603108641634,1.6480198527039036,8448948717.548417,0.5291534764082471
401,143926545.5376069,0.1980802808191772,0.05559419693143379,8761634182.573046,0.48565303340857296
402,3222301907.871966,0.23138641924465225,0.30585136566020504,6468030796.73721,0.8747303712513809
403,1216843515.1152508,0.39804317033220055,0.12700416541306475,8346198799.034019,0.5439739683158401
404,221602645.52988118,0.2991883032113951,1.1947415727864628,12317803211.803196,0.11116188049157195
405,46484271.88517616,0.21521819312095564,1.816930396926341,6133685713.7975855,0.9494147140097624
406,12837883.761934178,0.3745755596015851,0.44922707244257065,7771549037.251255,0.6321921943474125
407,16325137.679049188,0.7878442475572154,0.3605634620277,13527440256.904083,0.01733062973750008
408,383788634.77579254,0.09747347012189217,0.33552162243471473,8807765739.437933,0.47942981732257184
409,189507321.96843442,0.39054347059653083,1.182221336053412,8224859038.538102,0.5618301304524331
410,1710138686.3271725,0.05332946073837847,0.0006319052232062359,6230100588.353629,0.9272412906644478
411,26309360.58231228,0.49922852085613817,2.3865704262143863,8290020010.164427,0.5521926395091036
412,1416624886.3752885,0.003488422547642759,1.071352987637864,8164116959.9603405,0.570917369499819
413,7829562.666882152,0.9376550701811274,12.091020701256824,10140905195.618925,0.3179923764013841
414,356745859.9120542,0.017390562064888173,0.7432102600100134,8613599194.334028,0.5059553334215444
415,30003057.265871495,0.303911020460195,0.02862054412947448,12516192475.526678,0.09490578048196818
416,12959363.26958144,0.6248901897116165,11.902561069108382,7992084554.705783,0.597212844259331
417,191117559.43522528,0.04372661114031931,0.22922978055241233,12971008988.278938,0.05896779487632122
418,46700592552.38559,0.009077362803104005,0.005238221258821069,12856040781.802464,0.0678833916156244
419,1379534818.2140312,0.4123468234042199,1.0049066477021578,8734802975.354248,0.489294949191168
420,108665046.04586451,0.12841934180088918,2.2305869863964753,11730444293.108984,0.161537631643274
421,126745455.00483128,0.9072370636085145,3.82919132665637,9378031109.828997,0.4062695043857375
422,21923856.0069932,0.3315984315253659,0.2684872868719016,8803966537.45797,0.4799405080903919
423,8871772.894032815,0.7398814745940216,0.6626950969265053,7984126730.733888,0.5984497296873434
424,5880912845.993968,0.5651095936978081,0.07498706310360237,8042561874.575475,0.5894099640913822
425,183189138.39944127,0.42040898227409046,0.025066194333010484,13732745391.586044,0.0025678039304592648
426,580427742.381959,0.9692926327791895,0.492029525038441,8287917644.633963,0.5525018212880127
427,35099761.34841923,0.46778878572540067,21.727161022448744,11710921434.725683,0.16327305810617945
428,160870878.60761118,0.8711101216691025,0.330860819709813,9310825382.622324,0.41454771284721864
429,124607164.03430465,0.09981597789008427,0.2517638941687867,7671346822.611262,0.6485835305809042
430,248568779.16874623,0.0832217637169494,0.8165681387749869,8659001313.425207,0.4996739850181304
431,9032570.71026698,0.8787801927654428,0.47300728611660975,6815877148.17795,0.8031099482615044
432,9782382.81368638,0.924373146962791,0.08989264858707381,13109516329.853361,0.04837272140539157
433,31806021.345344942,0.2401098187485569,0.6567088326032171,13234335146.42582,0.03895814241960434
434,19924660.924335532,0.9843901121798407,0.65172408985987,8909865915.108545,0.46582611213203284
435,66647509865.73407,0.03490130729179932,0.008688432559415565,12094897586.954208,0.12987256635960942
436,981813516.5076777,0.061577069644173324,0.024002544426881076,8190109999.5237,0.5670163752421254
437,3658038.841517676,0.7240073304825904,0.8282077746889412,8454193527.6960125,0.5284041743851918
438,150747905.36917028,0.39197508751732424,2.0226187395976294,11636908086.307705,0.16988967373109967
439,316754643.8208819,0.8339719809715008,0.8916898027525422,13130453436.933167,0.0467847816907279
440,126841812.75877908,0.1127221929345658,0.024181060007775004,9295293980.870659,0.41647328687748564
441,27130368.102871817,0.519656496662746,2.746503252671055,12238050717.00162,0.11780108191341031
442,913195843.6240783,0.01493632197802669,0.40335785775828525,8835330920.80488,0.4757341868179305
443,311272171.7220949,0.005778267670127398,8.496228092312423,7968702523.342946,0.6008524008903764
444,5261460.286841831,0.7218000554057419,18.654742552269138,12765074038.139408,0.07501732716954536
445,772476348.6311394,0.29207620368664594,0.017734722598416994,9183618642.374552,0.43045909081874234
446,1491469019.7168765,0.37465659575925736,0.02986321303819885,10629228759.948906,0.2663785144893674
447,26161552.96690496,0.14663468289258133,11.04049892193802,9431959954.380617,0.39968926168334823
448,17642676.472212195,0.7952331194442809,1.1074052621165702,7149329569.126153,0.7395326763384324
449,29036856.38796901,0.7493392848168876,3.2465566697986734,9277839824.610004,0.4186428869943405
450,132622711.1944534,0.05936520718219988,10.583245556189297,7498376610.230662,0.6776533974534277
451,229320650.3865281,0.18267362500038764,0.22820724854895363,12018197862.283663,0.13642358559139584
452,7965030.4275139235,0.4685146431375886,0.5046117950818674,8161282200.943018,0.5713439293166525
453,121268426310.76454,0.004240376678613836,0.0045870222164590075,7815310591.957469,0.6251331738216266
454,64253628.32201951,0.09102771146514048,1.9067815094487148,12216425163.927876,0.11961187143699507
455,386747593.59223694,0.06468598531732159,0.14682461368449684,8068419683.988581,0.5854411977629949
456,2521895138.478342,0.04461814657816945,0.08769875392551914,8433563257.98377,0.5313555178761835
457,3267896.6588133792,0.8103917623387383,0.2031924832346228,13616952241.879398,0.010855901316201559
458,3229264926041.747,0.0006063118651805076,0.00017604690959435807,9184778806.261362,0.4303125127738294
459,41898197.02807294,0.43367779157233616,0.024342574393805425,11936671204.956577,0.14345192620388741
460,581024879.0159764,0.02622818365164914,0.7869405065751002,9372246847.901709,0.40697856918008185
461,4166443.839990673,0.9111476448319029,89.89358188282608,13085230938.97637,0.05021906079628889
462,247152117.63018546,0.38725921511224043,0.36195009022943786,8982109768.748348,0.4563386686240264
463,105245739.94631374,0.027071581394285043,12.978465877973646,7521557371.120993,0.6736989519980391
464,194469574.7568769,0.5678114847744085,0.5978554656039123,13342646396.835468,0.030888780709238423
465,2142866305.2568064,0.21531178773888143,0.10198553202346437,13329736431.919611,0.031845776905350745
466,13347076.818276318,0.9500729609339003,18.655964439490212,11381688359.547874,0.19317158227347186
467,123429040.0068972,0.7531675770703838,0.428391153161085,10470191681.303785,0.28280678175869245
468,961472622.8540723,0.08939418293377464,0.002876040276483267,7865048196.310087,0.6171821010870623
469,488300489.7157759,0.1417629575933309,0.35939464901516305,9268226282.045893,0.4198404332459372
470,56634501.44373444,0.019850800799308062,1.0248653306544675,13026280336.510183,0.05472091379280617
471,23912293.36240792,0.5585961146577321,5.865594793226261,8414432381.770017,0.5341019838246988
472,4152865521.18216,0.03364756516751465,0.010540950418856823,13254457080.883154,0.03745205300766332
473,144040314.80610842,0.17866607644826343,0.4811823536385585,8895141515.159235,0.46777372992828165
474,12884432.353561493,0.7003920630201421,1.0428809995100998,8766425391.342773,0.4850044360371077
475,5140335.37090547,0.5141261831536832,2.544180329616685,13259820704.503653,0.03705113607411113
476,134206805.14919482,0.11334717774219377,22.667401170599405,12901967289.200455,0.06430850882744714
477,65475535.43296199,0.251634964910686,2.455634197898219,11099788932.876396,0.21976594697471258
478,1321824152.62585,0.10775961389273107,0.0012662981302910869,13469442090.186735,0.021557892994094895
479,15887279.185176047,0.28263051318434435,1.7120947004158829,11143916725.844484,0.2155397553979591
480,49046773.49584966,0.6285905569547613,81.9151211932119,7821427596.92726,0.6241512053722686
481,78353391.27713355,0.7564144523720151,1.6001513370798477,10544133528.293808,0.2751244096194862
482,43220509.48267353,0.1146970411808317,0.8579718836268599,9513759464.758898,0.38981265980503
483,80218567.10320434,0.10282165048699633,1.641436448351452,9675843647.896212,0.37060383287278725
484,979668308.679734,0.058003060916738944,0.08060479185142723,8408737211.539155,0.5349213852177578
485,3992127.7648903104,0.33281067366080336,52.28053909500363,10553240664.23423,0.27418356049149645
486,4852435.687116954,0.7808017586730014,6.480233161671359,8078477939.74944,0.583902561259561
487,9971454.84707487,0.9449717611671747,0.7949292516019029,10006432928.970312,0.33283972365955394
488,6350790002.777973,0.00040647248183685623,0.517181001245564,11150803179.46481,0.2148823802673677
489,278894520.1386684,0.7184469979325184,0.14443545114803183,9266174056.759981,0.4200963084223195
490,724788988.194901,0.244616565262945,0.17021015151661603,10200750351.093628,0.3114760133584049
491,460230804.0236827,0.10001954807298762,0.5896837199679357,9119471039.223177,0.4386061566178848
492,120261038.13591853,0.08015147416824452,0.2230520916860564,13592716071.773268,0.01260311036272573
493,34594482033.6461,0.03150521650063903,0.03259347168004346,10945342813.503551,0.2347484570733076
494,1246256941.8796632,0.04966265355040713,0.03202297497400976,12044622478.6358,0.13415997751557177
495,12659033.84221816,0.9706700673870149,1.273982535029274,10951468087.06496,0.23414851520082663
496,124770446.12248227,0.3649689402442368,0.1827631650132244,11965201979.122522,0.14098461951335872
497,27890170.162391886,0.9053635907850157,1.0847647615882232,8888190100.33009,0.46869485915267467
498,204712535.608023,0.8104098106779202,0.3415974021997166,10525843478.175905,0.2770174737132522
499,18887996.40358369,0.36440606490660066,6.708086675475125,9351703769.112223,0.40950204357582554
500,118119479.96864979,0.898587245838124,0.02737864684826823,11312271705.789476,0.19963265529922755
501,11295833.682646858,0.6780066475511535,13.052223781972275,9718808804.762018,0.36559045600063206
502,90341457771.64705,0.023379711678349426,0.0040475888700296486,12674591027.992477,0.08218445275050343
503,161264204.75952643,0.41495744193423323,0.027683309892562243,13250723825.171234,0.037731238661598034
504,120427949.20424253,0.049893971486257176,0.243456237550617,12080117817.943241,0.13113035495006434
505,547182310.0752883,0.029687748251031446,0.639337212364955,11262494764.881992,0.20430056717574668
506,108551833.11685535,0.12001542960463847,0.19839161226301605,10893708717.31539,0.2398249328052526
507,122653948.52259853,0.09628463845870164,1.3538317420526456,12509800246.937769,0.09542389932511094
508,23411332105.930325,0.012119756911344138,0.00039500952245712925,11597253614.033346,0.17345928569445246
509,370889291.40038246,0.017732280382653943,0.2859564699071017,11148072697.810951,0.21514296070234643
510,94641381.37027568,0.4765143809244479,0.3098448360627691,10230997390.171505,0.3082034803491625
511,96973509.01117215,0.8807035003311455,0.48739839472789276,10183977766.934015,0.3132967463136578
512,339105269261.7787,0.0004362503382688367,0.008891395212727709,9253434980.005806,0.42168652521877503
513,47979355637.041336,0.026114901519250167,0.010711180505305463,12223680190.134518,0.11900387691392642
514,440175206.62028235,0.502510983752119,0.21520959592207223,12234380144.638166,0.11810811605188337
515,279346053.8021402,0.025336269781855544,0.2924516089894133,9672959618.497496,0.37094151521542845
516,11664336714.361578,0.11014885123936109,0.07151054279235118,10223392535.76573,0.30902495676756137
517,292924000.4102504,0.7318412859580767,0.13496585151467314,12744455529.251083,0.07664422546366964
518,340883761.41442287,0.07191525154368242,2.2288937103940953,10803729096.084637,0.2487541949673833
519,7327788957.078499,0.0054361238839014175,0.03207264608455377,10335713797.713917,0.2969808530126699
520,1754068198.1777992,0.0016746833889696112,4.569016423226281,10325368034.182882,0.29808230961334437
521,7819775.310745574,0.3231340033717506,0.8493660177927167,12213599589.84275,0.11984880168546809
522,124416143484.42458,0.0042384884925038046,0.010028343605070508,12229882404.525879,0.11848451596387348
523,182138491.0003043,0.8950087324638838,0.42390259844482947,12724480353.517857,0.07822388893602376
524,171237660102.45624,0.0032204442321471217,0.009217077870519525,11860285688.37298,0.1500988924917771
525,553350908.0273441,0.033327289458065845,0.4823406807424306,11086238319.908728,0.22106852422612633
526,443393927.3434687,0.15552233619019878,0.1989328978648012,12415798578.611568,0.10308641838044784
527,19186434.08270991,0.08819607843137257,13.048243659327378,13542084126.065742,0.016267296975617084
528,10891025.488794478,0.626504203895635,1.2187196093712696,13113303143.168568,0.04808525420978875
529,257969561.012422,0.20696121793379582,0.1784130643864909,13557216204.673635,0.015170200037423675
530,1259828558.161869,0.04409374477803152,0.04058882632706051,13736609101.743618,0.002292935299951723
